,x1,x2,y
0,7.60687594623558,11.421912823460495,0.0
1,8.300078672740046,12.35226012482262,0.0
2,6.833771314696742,10.770319899237638,0.0
3,7.349341209511303,10.90354453507501,0.0
4,7.442586253098516,11.730363570470164,0.0
5,7.709171797453644,11.850204415055373,0.0
6,8.227331672463519,12.167728790693543,0.0
7,8.450087107345633,12.630743247241147,0.0
8,8.0643509132694,12.103450769497194,0.0
9,7.263490079332952,10.82019312785649,0.0
10,8.116244389990564,12.357006447964643,0.0
11,8.469623704247988,12.574591840278078,0.0
12,8.507598504951481,12.901664003677109,0.0
13,7.737917486015787,11.839844368712813,0.0
14,8.029372671442621,11.997461173478722,0.0
15,7.80560185291856,11.282065860466831,0.0
16,8.106627576500745,12.48811008358689,0.0
17,8.340645402805645,12.410690813926132,0.0
18,7.277405616707107,10.709570849479904,0.0
19,7.497868915359138,11.118871234870792,0.0
20,7.578758603052415,11.40924023901597,0.0
21,8.856664941579464,12.902894384308325,0.0
22,8.82150506422041,12.84027457735216,0.0
23,7.970158267473387,12.098653624000068,0.0
24,8.907163126853012,13.431200369609535,0.0
25,8.363503241268038,12.768093379491589,0.0
26,8.87847295543383,13.062947384493611,0.0
27,8.971510900113216,13.276443245439257,0.0
28,8.109404077838471,12.382937783726048,0.0
29,7.090190588830756,10.613112642240436,0.0
30,7.616066910050227,11.518355725599115,0.0
31,7.394453960422768,11.23759636163299,0.0
32,7.384325902469133,11.481368876489658,0.0
33,7.4935911429993824,11.461754666321877,0.0
34,9.005879311797326,13.96038873993478,0.0
35,8.410791240035357,12.32185912754651,0.0
36,7.85234402910897,11.672316100781279,0.0
37,8.855969638031425,12.96207452894866,0.0
38,8.438995065439629,12.312997994519852,0.0
39,8.242955172355016,12.64636050307815,0.0
40,7.123122255642602,10.751292023187297,0.0
41,8.085848720044988,12.120748165093278,0.0
42,6.786394443466173,10.295388636677144,0.0
43,6.882788830575572,10.266160104449538,0.0
44,7.72195784813994,11.602419177464268,0.0
45,7.536618784740889,11.126641791329423,0.0
46,9.54531708033372,13.983439667618825,0.0
47,7.879257678080732,11.511138012934385,0.0
48,8.115375865783436,11.700872198477533,0.0
49,7.958644626458778,11.802250985442194,0.0
50,5.953152876902555,9.522927815147817,0.0
51,7.416345273296898,10.811969307092983,0.0
52,8.84475291115508,12.965870621524546,0.0
53,7.704634499608883,11.786629654448728,0.0
54,9.314025845049006,14.057900825711258,0.0
55,8.663945204694356,12.937243899900707,0.0
56,7.176484659488008,10.655841445458288,0.0
57,8.273328070737302,12.593135156478796,0.0
58,7.320198093533056,11.319421094076286,0.0
59,7.620856192651157,11.791373738218965,0.0
60,7.181806879014303,11.41471580199743,0.0
61,8.353236370206833,12.579868293400327,0.0
62,7.746058957088762,11.450402599463326,0.0
63,7.815532264587224,11.926126605951982,0.0
64,8.977672645108164,13.259682284335799,0.0
65,8.666659560829302,12.49058780897952,0.0
66,8.483437923100494,12.747366275741888,0.0
67,8.376236432581978,12.845518288025119,0.0
68,8.238381254167484,12.463956573471904,0.0
69,8.182127046256557,12.495097022105233,0.0
70,8.220536227975906,11.881488796797427,0.0
71,8.938008443675123,13.067272049907292,0.0
72,7.72593160814986,11.797193070482015,0.0
73,7.182569140379536,10.911543203959871,0.0
74,6.992962071382809,10.510346396863412,0.0
75,9.014592683616051,13.138520471156408,0.0
76,8.484723062959896,12.30358608622704,0.0
77,6.829608323076511,10.135065812588762,0.0
78,6.768032789244549,10.205684803638364,0.0
79,8.126742698148862,11.962766322740793,0.0
80,8.258062423034783,11.875446026057524,0.0
81,7.907683568556468,11.406698108443106,0.0
82,7.719245014982333,11.990200965109738,0.0
83,7.2362180182716225,11.170078624935186,0.0
84,7.2445382643196865,11.021049558523893,0.0
85,7.778663008410199,11.631306932408876,0.0
86,7.95986829831927,12.085759847231982,0.0
87,7.797422236087286,12.118964995366118,0.0
88,7.57693488083919,11.302215115758864,0.0
89,8.165202863310752,12.152009386404448,0.0
90,7.761660422132918,12.326095532409155,0.0
91,8.052210961682974,12.203415059633643,0.0
92,7.5890184301773695,11.44501356221497,0.0
93,8.135698581556419,12.328852180266214,0.0
94,8.248338622479261,12.685431551315933,0.0
95,9.174380270503358,13.358648393245492,0.0
96,8.387675441504962,12.508635956824918,0.0
97,7.371612304769608,11.17844731045362,0.0
98,9.203270743714072,13.572818897523575,0.0
99,8.749901443334084,13.193376467513344,0.0
100,8.71616208562803,13.434592541749566,0.0
101,7.452695962176184,11.190757618437907,0.0
102,8.888635429045515,13.599477707213719,0.0
103,7.915562224407543,12.186691028644418,0.0
104,8.320825401156004,12.421878346674196,0.0
105,8.177884678358991,11.991899879364532,0.0
106,9.544188760448941,14.422967954368595,0.0
107,7.152158755933119,11.03746187603884,0.0
108,9.070784479486665,13.544512107226423,0.0
109,8.170176476900266,12.374422249556208,0.0
110,7.713498855154338,11.34770817637798,0.0
111,8.027862475310886,11.74221123694055,0.0
112,8.068549438152475,11.761596691033514,0.0
113,8.624454738334375,12.625409780383636,0.0
114,7.197011686152125,11.144181344066228,0.0
115,8.558613487877128,12.882133127752738,0.0
116,6.9014134892707695,10.458789649445096,0.0
117,7.918082393524443,12.006994999399916,0.0
118,9.44800645435552,13.738788224568204,0.0
119,7.491893237884453,11.205388944726883,0.0
120,9.461601093056059,14.480931731069374,0.0
121,7.2601477321430075,10.850607124459694,0.0
122,6.406653657194522,9.383361518906934,0.0
123,7.62848735370059,11.985989054365701,0.0
124,8.827122840214983,12.957037410565803,0.0
125,9.894088710798535,14.638799952575223,0.0
126,8.773557885714496,12.825288145263588,0.0
127,8.533626339578264,12.718081948781679,0.0
128,7.770308327782843,11.797780020300781,0.0
129,9.83007752474164,14.732219675621234,0.0
130,8.27360108257797,12.448594446317633,0.0
131,6.494824072253483,9.793911775623608,0.0
132,8.698560914750756,13.491892678431215,0.0
133,7.64714185663888,12.249995889204882,0.0
134,8.72100537692629,13.0273996799479,0.0
135,8.640726495917916,12.767904016411237,0.0
136,9.090881743932256,13.285095545031501,0.0
137,8.743934546443718,12.42671511455368,0.0
138,8.509664250162638,12.89596008056964,0.0
139,7.478849297252987,11.830295502216437,0.0
140,8.554735437477644,12.504724740674042,0.0
141,7.2476594611658065,10.6404821002675,0.0
142,7.90600688200602,12.240733543155438,0.0
143,7.343964780988282,11.702859731485272,0.0
144,8.573825298514452,12.72584429196557,0.0
145,8.021078401438503,11.588168615665614,0.0
146,9.184071034462072,13.773203694272203,0.0
147,8.405771900232441,11.87981736236971,0.0
148,9.386849351408255,13.98170801582545,0.0
149,9.426459613884628,13.69185247257908,0.0
150,8.295246765522053,12.747310305075482,0.0
151,6.910484356546447,10.29024004713915,0.0
152,8.070097611117916,12.39818794008212,0.0
153,7.0239128556609085,10.381452538517737,0.0
154,6.908884316831386,10.640843175983992,0.0
155,8.229228464831484,12.324438598505225,0.0
156,7.507179469501171,11.27503856915272,0.0
157,8.267012499733216,12.224102312154496,0.0
158,7.316391371746526,11.260294826413336,0.0
159,8.958886412488884,13.231656585864002,0.0
160,6.989133892099173,10.385349886355263,0.0
161,8.603101734205705,12.551050462417365,0.0
162,6.556025537318432,10.201544634147034,0.0
163,6.981546026061055,10.476452845203008,0.0
164,9.367715500969748,14.047399019497693,0.0
165,8.986369312600473,12.982112987381297,0.0
166,8.674483011513662,13.285526323253722,0.0
167,7.983912414525527,11.896185195836129,0.0
168,8.18533935883517,12.201401755281921,0.0
169,8.151733926837375,11.876457136654977,0.0
170,8.069236161082042,12.28494883556574,0.0
171,8.614171896210427,12.664738596699255,0.0
172,6.609943329943827,10.285143584445212,0.0
173,8.728818192651895,12.9473373170498,0.0
174,8.01392241709316,12.116268621206231,0.0
175,7.155313178016902,10.416315312590738,0.0
176,8.652110719652548,12.96708182652441,0.0
177,8.228026397934082,12.143710856643128,0.0
178,8.200611769282643,12.183063921014998,0.0
179,6.479956895352507,10.028071648140708,0.0
180,7.278537500319752,11.014923932452344,0.0
181,8.313275290016064,12.635288546081249,0.0
182,7.09389772158822,10.877708857493609,0.0
183,8.413290745653027,12.943386931743973,0.0
184,8.73909255808545,13.868112712680599,0.0
185,8.492138598215359,13.024267017988304,0.0
186,7.407323374686248,11.696210849451257,0.0
187,6.361840586460407,9.698944631353514,0.0
188,8.472031794887464,13.179604544344318,0.0
189,8.061602634158456,11.839651952953849,0.0
190,7.501026956262573,11.034318620149195,0.0
191,8.961607598743395,13.46781518597175,0.0
192,10.064384058477636,14.795441525842708,0.0
193,8.394284545841401,12.532376637753973,0.0
194,8.485336728438314,12.734450315175934,0.0
195,8.22571970022043,12.330063463439398,0.0
196,7.00423166203506,10.71349392627651,0.0
197,8.673231063278116,13.280507754174536,0.0
198,8.405653895977537,12.490799562696058,0.0
199,8.420833014721907,12.687343433964298,0.0
200,8.78672408105274,13.167503156200125,0.0
201,8.826567785134044,12.913656228824165,0.0
202,8.60690641974146,12.800933403372447,0.0
203,7.965621275141401,11.791679887199207,0.0
204,8.349174926392713,13.012358383526639,0.0
205,8.446746928745917,13.193640976408116,0.0
206,8.311775019595954,12.398549609703087,0.0
207,6.548588643948952,10.067171152703082,0.0
208,7.781223984398028,11.860814518614447,0.0
209,7.621970890815568,11.321929747358315,0.0
210,6.944739848672498,10.031221202145286,0.0
211,7.502746679994117,11.385936601069002,0.0
212,7.918487518564721,11.869030691525419,0.0
213,8.840403550562428,12.729663368179832,0.0
214,8.517321866050763,12.860321491021143,0.0
215,7.819973462859347,11.238759763373519,0.0
216,8.082130861371525,11.810728244808537,0.0
217,8.045180774785663,12.18576209100791,0.0
218,7.569285109426428,11.683081906122439,0.0
219,7.89092180352316,12.106411270868158,0.0
220,8.482823155496423,12.808142697380559,0.0
221,8.293565795661257,12.45282474947629,0.0
222,8.331024572953186,12.216728379274512,0.0
223,8.234154873675283,11.702836301082412,0.0
224,8.155684228292996,12.252431844485951,0.0
225,8.578866012009378,12.866587994550763,0.0
226,8.128980480008778,11.873525871140663,0.0
227,7.927150931599822,11.244928372657819,0.0
228,8.665654777295192,13.568892251745638,0.0
229,6.929036159030961,10.648140366427198,0.0
230,7.309525763393468,10.905834629599571,0.0
231,7.774329582310708,11.319016119148317,0.0
232,7.833608402766645,11.96958297157981,0.0
233,7.076602296852339,11.129480565223014,0.0
234,7.905336637616387,11.989544760222161,0.0
235,9.071327714426596,13.262413101391308,0.0
236,8.596001526903947,13.667150994339078,0.0
237,8.087433034473438,12.417752478147024,0.0
238,9.196076043896742,14.030512579992813,0.0
239,6.6679775437720386,10.55957238063709,0.0
240,8.530179257526477,12.409063032518734,0.0
241,8.05824560220919,12.376843022680752,0.0
242,7.836248183563413,11.836378228053473,0.0
243,7.845096269599681,11.955217389202481,0.0
244,7.138285748054097,10.663109450014108,0.0
245,7.10098971559548,10.895287779129038,0.0
246,7.238145658194884,11.058551257060246,0.0
247,7.386047388067105,10.760846984791998,0.0
248,6.794069669489316,10.18139743853856,0.0
249,7.970847747814565,11.704793786434951,0.0
250,8.657474447992804,12.54917488888888,0.0
251,8.35260145761328,12.196084656074845,0.0
252,7.932444746613381,12.282602068085152,0.0
253,8.730824836575742,13.189556068225771,0.0
254,8.12515289490528,11.881855145685305,0.0
255,7.592441163856078,11.66575712925787,0.0
256,8.443910401245507,12.51711831234567,0.0
257,7.859439369875313,11.793107975964261,0.0
258,8.744078992708834,12.986980994441403,0.0
259,8.483284874893895,12.890346201838284,0.0
260,6.889273383353011,10.418251652112986,0.0
261,7.964005794350981,11.737442032027591,0.0
262,7.773150953149333,11.455464577372371,0.0
263,7.36386647137741,11.271823835976587,0.0
264,7.709595668865433,11.440983137894074,0.0
265,7.160014237828404,11.15696052205491,0.0
266,8.249609768808329,11.972328334626578,0.0
267,6.584725167736886,9.822348707275294,0.0
268,8.194887447675116,12.171720331812157,0.0
269,7.876788456042504,12.072402124869614,0.0
270,7.9730864227603675,11.94353110354258,0.0
271,6.9050098885523745,10.067367111743012,0.0
272,8.230907516082098,12.028604320198992,0.0
273,7.195705023421027,10.50145232595977,0.0
274,7.417465022980439,11.763979608675852,0.0
275,7.688144364749342,11.068969445927568,0.0
276,8.811291368869782,13.16671585181222,0.0
277,8.353113672201786,12.307600820613175,0.0
278,7.499455421029833,11.361129886104425,0.0
279,8.21455177573548,12.275138000369013,0.0
280,7.498661155547228,10.6644613242298,0.0
281,8.006497566131578,11.716289442299846,0.0
282,7.923874600606462,12.044846206736693,0.0
283,7.792383551364958,11.637699573747097,0.0
284,7.635665156739046,11.596347777476588,0.0
285,9.207020905294987,13.456501110438175,0.0
286,8.15751289241915,12.74460375767089,0.0
287,8.409870196090342,12.53473610638004,0.0
288,8.46801748504507,12.677643866935426,0.0
289,7.341093578628261,11.198821053556852,0.0
290,7.014569829169176,11.095320867690251,0.0
291,8.100152693844306,12.008604692556391,0.0
292,8.796441043439241,13.022144076790575,0.0
293,7.313349946043466,11.551383347445563,0.0
294,9.103579509480628,13.436466017208392,0.0
295,8.033040943064254,11.946526710637913,0.0
296,7.437581998315416,11.122578753442355,0.0
297,7.315873827183833,10.88477279704032,0.0
298,8.896787259752275,13.276043865284588,0.0
299,8.385096673081566,12.598387943665463,0.0
300,7.94772877931939,12.14948642940017,0.0
301,7.657906138017955,11.513919262569681,0.0
302,8.399764496857193,12.310163602863351,0.0
303,8.156092867850182,12.707840221041225,0.0
304,8.380249047674562,12.836779680115141,0.0
305,8.740451620571866,13.28483643040442,0.0
306,8.681441620033375,12.821227493066118,0.0
307,8.310799312746047,12.311960801679954,0.0
308,8.425440208644599,12.24531592998936,0.0
309,7.977012533884237,11.95961870517649,0.0
310,9.388061717000275,13.754373229437103,0.0
311,7.55980700858917,11.597601215373414,0.0
312,7.606775622037043,11.677758801856376,0.0
313,8.541271223606554,12.593580766851284,0.0
314,8.102291883350112,12.389796906740314,0.0
315,8.033255265653757,12.305387209119957,0.0
316,8.232904993594918,12.359322771337492,0.0
317,7.288169785089199,10.468066423125677,0.0
318,8.37399598411727,12.744631320829852,0.0
319,7.373386809306146,11.57128174885468,0.0
320,7.267268755704418,11.0752325847066,0.0
321,8.224090391593485,12.029861325093146,0.0
322,9.048459295314903,13.678912896034191,0.0
323,8.641349760281576,12.916569433657617,0.0
324,8.034995644069346,12.025114529085894,0.0
325,8.378728980185755,12.36307028515189,0.0
326,7.441654069242784,11.370892835226437,0.0
327,8.702180602354439,12.999159021716327,0.0
328,9.424367078902678,14.259860104424716,0.0
329,7.611286336026831,10.913036407535694,0.0
330,7.754358870163448,11.798841747127755,0.0
331,8.547950373709655,12.73003761463276,0.0
332,7.8675539770375895,11.903733352202822,0.0
333,8.04236833436372,11.954642934587929,0.0
334,6.381033966069209,9.792200448611784,0.0
335,8.210058551087693,12.597049727944672,0.0
336,8.35359875107468,12.193021872328709,0.0
337,6.731880666178722,10.239426952882043,0.0
338,8.210399902222617,12.160273245087849,0.0
339,8.266813038270632,12.71183700627791,0.0
340,7.82530319409843,12.038432899531065,0.0
341,8.443903578431906,12.778108191394821,0.0
342,8.784100372487897,13.328842867118357,0.0
343,8.868174290990655,13.141986033246383,0.0
344,8.291573416852541,12.668347843795036,0.0
345,7.729126882741932,11.995170537624361,0.0
346,9.420731799071675,14.23058056700797,0.0
347,8.452816189805995,12.812423517300953,0.0
348,8.603829718061876,12.840515775321732,0.0
349,8.61648273979613,12.775564003875948,0.0
350,7.989632594410788,11.964184163400496,0.0
351,8.530806646192323,12.367524603321876,0.0
352,8.916532951129163,13.721348693273235,0.0
353,8.422263384993983,12.57563231883098,0.0
354,7.09797894813255,11.139678024892584,0.0
355,8.1619763588029,12.534049817827364,0.0
356,8.45240766783164,12.900636081946649,0.0
357,7.093874835747398,10.671723417168007,0.0
358,8.914863394324673,13.021600090413203,0.0
359,8.210066094078165,12.63313670128452,0.0
360,8.557159206297229,12.41764611537167,0.0
361,8.087860324138841,12.48884376926069,0.0
362,7.9382143988456395,11.754156265828852,0.0
363,9.246616227409367,13.24710551881471,0.0
364,8.146039959208958,12.121656004894724,0.0
365,8.22136216655195,12.38142411145379,0.0
366,8.274949041517758,12.583825256749186,0.0
367,7.614623633012931,11.432628491195654,0.0
368,7.516532743448915,10.80926568079985,0.0
369,7.582969305087901,11.608243432953149,0.0
370,8.186158690872707,12.2645106153099,0.0
371,7.937664590572421,12.432645455273196,0.0
372,7.9879727921390895,12.175949308370257,0.0
373,7.78659622222078,11.622799790334817,0.0
374,7.037704459195908,10.622121474038249,0.0
375,7.401860499468048,11.443760551518716,0.0
376,7.506162903901903,10.996579923803868,0.0
377,8.084913590983366,12.170653533954475,0.0
378,8.182612691919887,12.654054038225905,0.0
379,6.481257379656243,10.114612725655174,0.0
380,7.945063393997644,12.032538585178557,0.0
381,7.763204562996474,11.87815289466641,0.0
382,8.673307079171904,12.661916533330974,0.0
383,8.531293947674378,12.489803791310973,0.0
384,7.641101896445524,11.149797135717776,0.0
385,7.736477870700812,11.628813036408886,0.0
386,8.310604427567666,12.517713780467405,0.0
387,8.261387278072926,12.446135356936725,0.0
388,7.387052123082594,11.520092753705473,0.0
389,8.631007918235163,12.689941068766611,0.0
390,8.220445425869734,12.07083327085221,0.0
391,7.597871675432758,11.448247678620332,0.0
392,6.814643147034495,10.317029679646401,0.0
393,8.486952948238113,12.924423128049208,0.0
394,8.267825556380739,12.74096984042112,0.0
395,7.5969743987029,11.023332983651882,0.0
396,7.155800267673995,10.813071000502545,0.0
397,8.222290160769623,12.346739200401139,0.0
398,7.974599796878496,12.064177257107477,0.0
399,8.514217171714716,13.051158322152254,0.0
400,7.9846691341504386,12.417181355708072,0.0
401,7.903707279955451,11.826896448767485,0.0
402,8.68907044607033,12.737017780606683,0.0
403,7.783195357329948,11.42279977785578,0.0
404,7.504608807060384,11.610573171935975,0.0
405,7.322770289707936,10.738898107756482,0.0
406,8.922152075698875,13.345302149948207,0.0
407,8.306217095673496,12.335717071426167,0.0
408,7.390803489856384,11.345679508454793,0.0
409,9.146687011784186,13.972379608512437,0.0
410,7.879433934255513,11.95547114504315,0.0
411,6.925971548339391,10.571824170896988,0.0
412,8.181191547936269,12.277955401051928,0.0
413,8.06575111834607,11.357187532655079,0.0
414,7.901030931525256,11.612715956606815,0.0
415,7.774908875610041,11.75131017441327,0.0
416,8.069276431042775,12.031842578336411,0.0
417,8.147221993775624,12.162536796301024,0.0
418,7.045630672852713,10.645882469765562,0.0
419,8.042310576210904,12.285930196562798,0.0
420,9.144469442162231,13.117981233313067,0.0
421,8.328302945495249,12.248768311178859,0.0
422,7.187867821348961,10.9702867890576,0.0
423,8.055651515809982,12.070424854725571,0.0
424,7.60290572348642,11.213968749360207,0.0
425,7.780543217709673,11.632095595309739,0.0
426,6.462139345696905,9.955295164647767,0.0
427,7.917113816130437,11.956068598614129,0.0
428,7.580348719000556,11.338232766689096,0.0
429,7.285871212682961,11.342950373351362,0.0
430,7.971225984139793,12.046500096715162,0.0
431,7.989664160524205,11.71708781438894,0.0
432,7.61247223518664,11.617172054754283,0.0
433,7.403361370746101,11.381060471216195,0.0
434,7.64362283486717,11.76985102134701,0.0
435,8.266792929343453,12.554181927547646,0.0
436,8.21077311141779,12.58829214099001,0.0
437,7.8218164789567215,11.908198365299057,0.0
438,7.339496221315588,10.210313643920601,0.0
439,8.268348294817097,12.230614485995755,0.0
440,8.104652061745057,11.992066939009035,0.0
441,8.122460588731792,11.753424165844795,0.0
442,7.99563446037903,11.436632685552047,0.0
443,7.844627991919124,10.958504961122031,0.0
444,7.503042187705166,11.109939014805448,0.0
445,7.5356955679394915,11.081315688362514,0.0
446,8.213386258173426,12.558021682213527,0.0
447,8.294261757659505,12.364662137182155,0.0
448,6.802802226986747,10.21322617585619,0.0
449,7.222024938441383,11.172467419284732,0.0
450,8.129538988500306,12.32087650810664,0.0
451,6.893666045200903,10.551208581276015,0.0
452,8.60569800643865,12.307044787444475,0.0
453,7.718736613036901,11.621957813158184,0.0
454,7.656486491081125,11.731542572692103,0.0
455,8.972504006777555,13.444489076677481,0.0
456,8.29829851656383,13.086195494057929,0.0
457,7.301754830136249,11.225233290431458,0.0
458,8.21152670867246,12.395967796101868,0.0
459,7.765472685507642,11.721274642063308,0.0
460,7.822861820649866,11.753399715125598,0.0
461,7.187706357786104,10.840347520111763,0.0
462,7.5682280097415795,11.591315687121318,0.0
463,8.475331339612323,12.965486783931645,0.0
464,7.460205650140905,11.15020156574458,0.0
465,8.538631926030506,12.444412636731457,0.0
466,8.364696035487556,12.644164516426413,0.0
467,7.594315628022626,11.400039563113184,0.0
468,8.338262742401163,12.434000864250226,0.0
469,8.028138033555622,12.046419932229522,0.0
470,7.401690544560148,11.028012173960303,0.0
471,8.411410173321812,12.42481443242773,0.0
472,8.157166409074607,12.428881810677957,0.0
473,7.35574757340359,10.822433280596897,0.0
474,7.576279197073063,11.44169696344301,0.0
475,9.479908331066463,13.65175611891095,0.0
476,8.549333549988274,12.611840706250629,0.0
477,7.613674596337865,11.354526128147036,0.0
478,8.21982922105176,12.153914379940211,0.0
479,7.305160889586405,11.531397826856308,0.0
480,8.137796057871608,11.79756491267322,0.0
481,8.120248327624664,12.009742095574907,0.0
482,7.930862878850107,12.112681857406303,0.0
483,6.562554908095028,9.38403170761052,0.0
484,9.645133519890306,14.172317456449214,0.0
485,9.045133956146879,13.36512356876787,0.0
486,7.716695510212205,11.92231297977135,0.0
487,7.817328222018492,12.073638471501258,0.0
488,7.8203556462483546,11.690565834968634,0.0
489,8.093691157044788,12.26904931221074,0.0
490,7.62335007275863,11.255025821316096,0.0
491,7.794808519501127,11.592702076377213,0.0
492,7.231556614645688,10.81405109749398,0.0
493,7.269890141578266,10.860375743643491,0.0
494,9.017718934880907,13.444393231824481,0.0
495,7.791718787979201,11.969466185028722,0.0
496,7.932896186716167,12.359796210972506,0.0
497,8.049420491026597,12.37496621808356,0.0
498,7.419062811443213,11.631974041721083,0.0
499,9.210019296841352,13.61613853054077,0.0
500,8.035061852155568,11.41339397928838,0.0
501,8.851109362949817,13.640966256439016,0.0
502,7.5473926669365135,11.194258340702309,0.0
503,7.020081682973311,10.615445589980915,0.0
504,7.560563286410368,11.211411147157131,0.0
505,7.632119747187016,11.61960588640773,0.0
506,7.454375803026025,11.229663003080562,0.0
507,7.304747177056487,10.941194882089524,0.0
508,7.649171915035626,11.75992780088005,0.0
509,7.916146821887727,11.820297370915068,0.0
510,8.273376476716425,12.85361111943786,0.0
511,7.738613583252365,12.383167903362398,0.0
512,8.715323823950975,12.993821244770784,0.0
513,9.449531620660789,14.471876181408085,0.0
514,7.059350050712277,10.862643223581765,0.0
515,8.508450765189087,11.998522168817706,0.0
516,7.348559601469987,10.945147253473824,0.0
517,8.711189393837039,12.757065497481925,0.0
518,7.703021353721777,11.103782145015957,0.0
519,7.893930451239569,11.518558202459525,0.0
520,8.056295110428128,11.915500430564169,0.0
521,6.97177207883842,10.733667799385714,0.0
522,7.933928115889188,12.056933829316005,0.0
523,8.879165588894855,13.40063601697087,0.0
524,7.369285387455548,11.240206642174677,0.0
525,7.411860921046136,10.738083510370341,0.0
526,7.7798164013889455,11.395196391478805,0.0
527,7.292831723191287,10.69816970420315,0.0
528,8.089304841127136,11.724101020953254,0.0
529,7.219151788784823,11.47743633334619,0.0
530,7.961592397148106,12.330980376232507,0.0
531,9.288278859835398,13.47416425665187,0.0
532,7.4193438446012525,11.139973168986945,0.0
533,7.8864999147673505,11.565673792862011,0.0
534,7.323968632566446,10.779165029448379,0.0
535,8.52750089136339,12.775192767998055,0.0
536,8.55332612116675,12.708557939415103,0.0
537,6.79770718690072,10.09986165789019,0.0
538,8.617901121753507,12.687168471784549,0.0
539,8.198466697271682,11.886906106598316,0.0
540,8.123251027621237,12.449393833802713,0.0
541,8.896414855533974,13.676619336226544,0.0
542,6.626115779579452,10.015717914196022,0.0
543,8.125464368219498,11.846422205313704,0.0
544,6.6073893111674495,10.167419691460204,0.0
545,7.559960339317924,11.226418762858351,0.0
546,7.862054182281069,11.571384059805666,0.0
547,7.607622200547254,11.277105849020874,0.0
548,7.766073606845091,11.689376455094061,0.0
549,8.020505802244463,12.044324971959504,0.0
550,8.006337617353621,11.588620446457263,0.0
551,7.981799981082844,12.055434149766818,0.0
552,8.299695280575843,12.532197623161636,0.0
553,8.06143984381874,12.746158543599883,0.0
554,8.084367807247286,12.215333209446584,0.0
555,7.32556481894801,11.159227046334514,0.0
556,6.818774069374264,10.079004401396103,0.0
557,8.435366043760666,12.665282733676232,0.0
558,7.485517907985332,11.270813209113035,0.0
559,8.2935078332101,12.403033611468494,0.0
560,8.62487772836764,13.000352372381498,0.0
561,7.910854551308358,12.29160111635424,0.0
562,8.177772327524117,12.620685281499455,0.0
563,7.686303031848949,11.49926780848395,0.0
564,8.200200390895276,12.67628916605618,0.0
565,8.52723809188447,12.586340650096407,0.0
566,9.156041522359294,13.764811134406312,0.0
567,9.064800229465554,13.588069551032731,0.0
568,7.7035198059365015,11.47245890420447,0.0
569,7.47007505442452,11.25238411505733,0.0
570,7.911168538349642,11.79465855762437,0.0
571,8.455876777202462,12.32371902952876,0.0
572,7.154055549117434,11.19288199805186,0.0
573,8.06487051255276,12.17294912824775,0.0
574,8.8643069044451,13.071334317607143,0.0
575,7.030748437873818,10.515445200134549,0.0
576,7.393801770868958,11.123425885546789,0.0
577,7.316767027834838,10.82402784636401,0.0
578,7.1749402121666375,11.172561727873093,0.0
579,7.106772317300244,10.525519059829364,0.0
580,7.5667692396111335,11.182128525111581,0.0
581,8.00548548132632,12.250081652324791,0.0
582,7.0364396695137295,10.421478677151761,0.0
583,7.854352685147908,11.712534314424227,0.0
584,8.406713126575104,12.149281376093164,0.0
585,7.520987980973523,11.323219977363475,0.0
586,7.3634413622554735,10.909206141923901,0.0
587,8.020239842323653,12.180157182868722,0.0
588,7.662351021363813,11.277881545660232,0.0
589,9.055048444193137,13.356814860172033,0.0
590,7.256239903604968,10.802139422179225,0.0
591,8.84805883300121,13.050091850208906,0.0
592,7.625541260654758,11.966233720864777,0.0
593,7.536650875263938,11.186671064738782,0.0
594,7.055786035919099,10.594505815812813,0.0
595,7.602914061616263,11.260337772445288,0.0
596,8.387947077253504,12.347274241044921,0.0
597,8.024156691375916,12.176928546212807,0.0
598,7.90975817805877,11.596669372921255,0.0
599,7.584948666333554,11.065366720772058,0.0
600,8.845793220150565,13.421537439499119,0.0
601,7.829285180803545,11.679636139534589,0.0
602,8.457572858648254,12.33199046475739,0.0
603,8.091792930041743,11.689671927012713,0.0
604,7.732569468488125,11.952169622487968,0.0
605,9.167769144187726,13.457869703712339,0.0
606,8.214707483389754,12.108480685665063,0.0
607,7.175696375515432,11.506409150973326,0.0
608,6.741918554184413,9.925558120003702,0.0
609,8.193022189736789,12.207222537380051,0.0
610,7.477494683024524,11.091124762958245,0.0
611,7.348468624807886,11.022186628804413,0.0
612,6.597443614903311,9.683353604741932,0.0
613,8.581639856719251,12.64973165881695,0.0
614,7.817697456393841,11.41670062371229,0.0
615,7.215361409345531,10.30014282474135,0.0
616,9.119433298999233,13.563456210464649,0.0
617,8.155802331241269,12.776329988638892,0.0
618,7.479077652341836,10.73579967700653,0.0
619,8.333333599663636,12.081680310816354,0.0
620,8.88639838602582,13.458779266911389,0.0
621,8.327248991702247,12.599652034975401,0.0
622,8.815885113361084,12.910012872861005,0.0
623,7.172510048315493,10.889299028600112,0.0
624,8.171733530113043,11.993269781291671,0.0
625,8.594287377392547,12.432669594032681,0.0
626,7.820881970403696,11.318971221460936,0.0
627,8.059016719227804,12.29737227013981,0.0
628,7.965037753510181,11.84107943517828,0.0
629,7.783163431181659,11.47043214541292,0.0
630,8.514837502496627,12.83834697170214,0.0
631,8.193184181511969,12.214119344667221,0.0
632,7.232204233959493,10.479491609917575,0.0
633,7.423652467308234,11.030715622707627,0.0
634,8.050124497223807,12.337159098018983,0.0
635,7.6299719098315,11.569594069861841,0.0
636,6.915875172014116,10.73115755401697,0.0
637,8.453425725590936,12.518565508887168,0.0
638,8.268989786664342,12.332173486096185,0.0
639,8.332101243006157,12.766883632081043,0.0
640,8.10840595240862,12.22997795322512,0.0
641,8.958312678106562,13.19626761292797,0.0
642,7.48467851002735,10.992079052835098,0.0
643,9.069379953722612,13.480765141913356,0.0
644,9.319729186162014,13.654438460012368,0.0
645,9.677741790513556,14.1626452464483,0.0
646,8.587989357299959,13.020048643378738,0.0
647,8.698589947533298,13.475034491431487,0.0
648,8.538527833481835,13.111436481581425,0.0
649,7.150133122137739,10.635386009694567,0.0
650,8.551386799397697,12.985047376075642,0.0
651,7.830697042238837,11.297738779349132,0.0
652,8.753397230704408,13.755738179148803,0.0
653,6.904953423655988,10.527252377810548,0.0
654,8.628151029674655,12.935570871531661,0.0
655,8.5968848025256,12.812048759314225,0.0
656,6.5476622031709635,10.190414196730169,0.0
657,8.597152430916449,12.716229633680094,0.0
658,7.127972545488628,10.288623014650815,0.0
659,7.769029441721495,11.76209573176667,0.0
660,8.446405605981171,12.72415651075287,0.0
661,7.620189354798166,11.58329509390823,0.0
662,8.455125959646516,12.490229098870891,0.0
663,9.046097358122626,13.563547336151178,0.0
664,7.912378005614048,11.25931024665839,0.0
665,8.905239422464721,13.006129991263562,0.0
666,7.653233889045967,11.467199754522921,0.0
667,6.6198119349186655,9.8346188177361,0.0
668,7.354988491239128,11.197239750551311,0.0
669,8.102244682643198,11.963842813973006,0.0
670,8.765885916394499,13.30683142148118,0.0
671,8.232595952571273,12.65782374679532,0.0
672,9.374670764416553,14.033919712306588,0.0
673,7.952862689528649,11.819682752091861,0.0
674,7.8462444514700165,11.491721970407323,0.0
675,8.28313441928306,12.643934801874456,0.0
676,10.423599514455827,15.342958350764004,0.0
677,8.449338508231286,12.853304512163216,0.0
678,8.142713989357707,12.196120048079838,0.0
679,8.613281243819346,12.634915032077208,0.0
680,8.554999004195244,12.493978912614097,0.0
681,8.768658600123528,13.099150872079466,0.0
682,7.067287589387272,10.420726651336667,0.0
683,7.327259979349735,11.432831099462442,0.0
684,7.4910232123321085,11.004114716559487,0.0
685,7.668227519034991,12.101987307432978,0.0
686,7.839486451147979,11.330259562626718,0.0
687,9.494465982391809,13.920749242843849,0.0
688,7.15956123257855,10.951506806659488,0.0
689,8.274320733343501,12.595638601208009,0.0
690,7.945743616502854,12.50463989266967,0.0
691,8.963605001644003,12.507140318546938,0.0
692,8.596217036883443,12.964823688218123,0.0
693,8.201266832576712,12.137941103496344,0.0
694,7.992043769452289,11.794133760270801,0.0
695,7.6478263843551835,11.69256767750534,0.0
696,7.663980807148624,11.542259188934645,0.0
697,7.78206965170386,12.28992418615495,0.0
698,9.181311899989815,13.408868875154027,0.0
699,7.7460655690599385,12.118794544686118,0.0
700,8.29847125249842,12.72339525888875,0.0
701,8.053305088325946,12.475887812176133,0.0
702,8.851379198209582,13.268376232040035,0.0
703,8.080593771651548,12.230811777373365,0.0
704,7.087735514644388,10.509109723215262,0.0
705,7.785434094541992,11.969531321696126,0.0
706,8.44057531056049,12.860237718602859,0.0
707,8.185412384715134,12.262713786214489,0.0
708,7.703815182871035,11.801028871338774,0.0
709,9.048851521961048,13.547608850547947,0.0
710,8.557705724412184,12.32873554365302,0.0
711,8.079434029226613,12.264592045314718,0.0
712,8.859274788249923,13.640147494317544,0.0
713,8.983960561225379,13.465484775844784,0.0
714,7.613787537007276,11.47360842714531,0.0
715,8.109784998676457,12.02655752239181,0.0
716,7.2411984169787145,11.077754371480209,0.0
717,8.195349611751674,12.909401660301713,0.0
718,8.74311713582194,12.735794619459384,0.0
719,8.354363797491374,12.68150190342777,0.0
720,9.510020322863982,14.303009349367683,0.0
721,8.082510857087367,11.761769415604844,0.0
722,7.314084519183577,11.185457859870807,0.0
723,8.21009527443428,11.888912037485188,0.0
724,8.308740191224144,12.170636489646078,0.0
725,7.887067260417837,11.688583427314786,0.0
726,7.657228337265627,11.534268493259813,0.0
727,8.52528915558622,12.90293567950165,0.0
728,7.801760596558772,11.49815534994202,0.0
729,8.048851409341815,12.018109392361561,0.0
730,8.537966716872683,12.555286454552986,0.0
731,7.350343514787699,11.059607477270593,0.0
732,7.639429804334831,11.60770709286363,0.0
733,7.12067203240043,10.714205286141151,0.0
734,7.761466084431262,11.989793273239826,0.0
735,6.999362937865854,10.228171437396067,0.0
736,7.625897395523236,11.050166375660407,0.0
737,8.03848829265103,12.298493717247752,0.0
738,8.532773061461377,12.870483247772647,0.0
739,7.077062173862747,11.341953728701814,0.0
740,7.520331463500996,11.11639804770418,0.0
741,7.212498952730454,11.09045363715315,0.0
742,8.259428138492382,12.583408575852237,0.0
743,7.770384483643692,11.538508288938962,0.0
744,8.871380013560188,13.633359502776498,0.0
745,7.403435465402854,11.521974669773419,0.0
746,8.451981316627377,12.257108420282215,0.0
747,7.999835280617186,12.025360078800173,0.0
748,8.70703330063303,13.168845582326192,0.0
749,7.475824738911795,11.307513822018414,0.0
750,7.85101603744723,11.61491351451566,0.0
751,6.910500038480938,10.821390475996147,0.0
752,7.4389315478368445,11.237287184515905,0.0
753,7.288315917237399,11.017310966374842,0.0
754,7.597780091185063,11.832618121047767,0.0
755,8.910211611813958,13.200556623798036,0.0
756,9.500715970795632,14.013736092305766,0.0
757,7.2558385283629425,10.687516069350057,0.0
758,7.814947812433907,11.508541858210451,0.0
759,7.294804794244822,11.194381942077063,0.0
760,6.815360331543056,10.536397374023698,0.0
761,7.676354260295724,11.395173762126966,0.0
762,8.8302033860265,13.127704304414134,0.0
763,8.659480342950623,12.373737225086192,0.0
764,6.455132338120741,9.449985778050781,0.0
765,8.53478271140876,12.441897077021023,0.0
766,9.444893771740935,14.420350043228083,0.0
767,7.409564429453527,11.365921070838404,0.0
768,7.254261717293309,10.760395164355947,0.0
769,6.356047928745777,10.155999125447192,0.0
770,8.068217173196892,11.773005255799461,0.0
771,8.455676471529918,12.397475718326193,0.0
772,8.71886175812974,13.19918347918927,0.0
773,7.102434924579471,10.73695371182687,0.0
774,7.821045581796332,12.128811319459057,0.0
775,8.521244359348753,12.584030957816863,0.0
776,9.222773687167216,13.617521615942099,0.0
777,7.685166032960085,11.550669351395866,0.0
778,6.990949431609846,10.44419015350313,0.0
779,7.971673171177137,11.899192552922935,0.0
780,7.29300310914768,11.062959498910798,0.0
781,8.997418091399256,13.348613768453042,0.0
782,6.990638107513887,10.691061179729093,0.0
783,8.303600859794697,12.29068482553118,0.0
784,8.283081168741079,12.230680259693484,0.0
785,7.674641128737126,11.268312714834469,0.0
786,7.092204957710208,11.209099597055971,0.0
787,7.623528339554765,11.309266242539065,0.0
788,8.076266356698058,12.508102864923735,0.0
789,7.7336312581455235,11.25734024061113,0.0
790,8.997450187891753,13.30735708389959,0.0
791,8.984731513073402,13.676699001922598,0.0
792,7.095337719593656,10.74299816023049,0.0
793,7.680781301224764,11.555701614461542,0.0
794,9.74892381854671,14.41791674456513,0.0
795,6.718880873064572,10.276053894205452,0.0
796,7.5853032756568295,11.166535802526376,0.0
797,8.673390681229987,12.551978907522221,0.0
798,8.550607356056618,12.654515751392523,0.0
799,7.6186753859208745,11.565822444939839,0.0
800,7.724523837887735,12.018816633171461,0.0
801,7.908988576732679,11.96709177193316,0.0
802,10.352835472878628,15.558737622941129,0.0
803,7.708559870642389,11.85697821109485,0.0
804,7.546975791395027,10.873520588919117,0.0
805,8.092873925239996,12.074592021930966,0.0
806,6.944108074225605,10.403062102132468,0.0
807,8.093243925325732,12.316852904865105,0.0
808,7.269773174120867,10.566546708777318,0.0
809,7.990683118293202,12.380951816472878,0.0
810,7.326812030560525,11.245140606875758,0.0
811,7.692477886354922,11.181715590624083,0.0
812,7.69141947419011,11.111228276727438,0.0
813,6.986566852933225,10.29792507627295,0.0
814,8.571891909264872,13.33843393803589,0.0
815,7.496041100895164,11.026948225936957,0.0
816,7.10366134275743,10.98229298369182,0.0
817,7.829899933410887,11.931103735389325,0.0
818,9.340181483206566,13.676039776615205,0.0
819,7.4116561689468465,10.996414309483978,0.0
820,7.65786162193484,11.642035180099485,0.0
821,7.923038176988532,11.981627524906965,0.0
822,7.987200974584677,11.873018647059812,0.0
823,7.811946348064721,11.856743641407853,0.0
824,8.294957832241547,12.621336828774389,0.0
825,7.965648821886235,11.83016629389725,0.0
826,8.098482197679676,12.563476126332098,0.0
827,7.289900356455224,11.19561805867521,0.0
828,8.086681597603295,12.105300864188733,0.0
829,8.019184458071667,11.933155091728644,0.0
830,7.687032515060267,11.155169706618036,0.0
831,6.9691686140275735,10.56312157534274,0.0
832,6.7021692196230855,10.456812999702557,0.0
833,7.371162507113404,10.815784794623019,0.0
834,7.739370950649137,11.873505119797418,0.0
835,7.005793196624799,10.549669092421158,0.0
836,9.030818005401077,13.725510644375403,0.0
837,8.336067862403931,12.800141280071669,0.0
838,7.9018341604889155,12.16805903337405,0.0
839,7.148800573497078,10.534657902283985,0.0
840,7.195983094632815,10.596221567049193,0.0
841,8.33371613416679,12.302797446357825,0.0
842,6.683687491050254,10.295962387805233,0.0
843,7.762568057986051,11.488942634393553,0.0
844,7.871056651947896,11.765368294419227,0.0
845,8.734527642342913,12.352986084493224,0.0
846,8.745403026780108,12.93621097264849,0.0
847,7.785208660433652,11.229140568508145,0.0
848,7.2659193233528665,10.82339420545969,0.0
849,8.641302118100782,12.324635980426576,0.0
850,8.067023701661764,12.260092530670876,0.0
851,8.989375999557138,13.738334268195619,0.0
852,6.974611916515155,10.54364717419448,0.0
853,8.461478331079977,12.402660297334762,0.0
854,7.225579178166046,10.950040164572696,0.0
855,8.5246267735905,12.793493560042,0.0
856,9.162635542479732,13.79729138043631,0.0
857,8.544318680975891,12.53065897968277,0.0
858,8.076755225377086,12.274137718982306,0.0
859,7.559820384564386,11.295358060659765,0.0
860,8.289109848205054,12.050709097808321,0.0
861,8.946129852649147,13.925664215208238,0.0
862,8.030111530085128,12.246486890838256,0.0
863,7.910727307376678,11.771007913562446,0.0
864,8.408731836904101,12.295429895934557,0.0
865,8.38111853535366,12.727685139583631,0.0
866,7.167518347191652,10.824550002859182,0.0
867,7.728618038510078,11.74535341462557,0.0
868,8.01560404319924,11.644636720999786,0.0
869,8.859349224086854,13.105139808041027,0.0
870,7.536447266865722,11.221653674609458,0.0
871,7.377099388412151,11.120202791844493,0.0
872,8.177354843673385,11.575268986350288,0.0
873,8.69278144374201,12.762532655432647,0.0
874,9.296065860497839,13.728232785953379,0.0
875,8.30468964776474,12.391942935163485,0.0
876,7.5686103768737905,11.142398328977155,0.0
877,7.431677654629547,11.596625071233468,0.0
878,8.642908335478618,12.96795461682248,0.0
879,6.784827036834196,10.225944194930241,0.0
880,8.760230859446292,12.914295947995008,0.0
881,7.421443675877253,10.750401343692065,0.0
882,7.778025525822086,11.595305866062171,0.0
883,7.842758887882033,11.940327576345023,0.0
884,7.977249566974255,12.173513972587426,0.0
885,8.399166657390301,13.197826270201624,0.0
886,7.946087193113346,11.885639415719337,0.0
887,7.9787875286546015,12.090849720553683,0.0
888,7.184131158027881,11.005312086322148,0.0
889,8.073499998263744,11.854777394074246,0.0
890,7.9332440198072325,11.89586773236992,0.0
891,7.1903992853329175,10.659204182483444,0.0
892,8.639164463525388,13.197932517852045,0.0
893,7.348888016818338,10.996588928038426,0.0
894,7.567360530143773,11.494459054289589,0.0
895,8.159358027140783,11.868315098614751,0.0
896,7.992535709782473,11.718986672526592,0.0
897,8.117642138190973,12.113293288966817,0.0
898,7.632466545160952,11.393234602657381,0.0
899,7.398952924477834,10.955378803261809,0.0
900,8.34010340990913,13.013997271068964,0.0
901,7.8816184511168395,11.870334516037499,0.0
902,7.726732059606201,11.300866404242557,0.0
903,7.380050930278663,11.173500956236088,0.0
904,8.35814740237991,12.696276213385815,0.0
905,9.261236291299934,13.77120325370845,0.0
906,7.7371138739754075,11.512276906777748,0.0
907,7.815860787537375,11.9057186675926,0.0
908,7.562650052659011,11.832123637643043,0.0
909,8.12238675056943,12.268372073939299,0.0
910,7.943813784161296,12.07498094559561,0.0
911,7.711292648930343,11.20666948711881,0.0
912,8.650841265177394,12.975705800130717,0.0
913,7.576384995712785,11.574805158383581,0.0
914,7.751370927866243,11.598178198108657,0.0
915,7.7631844356353295,11.878036344031088,0.0
916,9.141428472612011,13.791129767048897,0.0
917,9.079507216238797,13.408296656584366,0.0
918,7.042048170631496,10.497158751831131,0.0
919,7.778315552408175,11.407565681079813,0.0
920,8.767793323498449,13.225119214868679,0.0
921,8.296256705577306,12.172557545778027,0.0
922,7.858561125687427,11.557779608010861,0.0
923,8.55128470336899,12.907565978370563,0.0
924,7.9543309671979054,12.148732195960854,0.0
925,7.370572803374984,11.341136330667622,0.0
926,8.533486266912542,13.070444076058136,0.0
927,9.808199583852733,14.272432970961539,0.0
928,8.614390620889875,12.479856682961952,0.0
929,8.436309441126145,12.924869905201112,0.0
930,8.59190683831983,12.931967697912455,0.0
931,8.770268799429676,13.119895920139994,0.0
932,9.19155839123025,13.308692301419388,0.0
933,7.62569982319255,11.317992465976099,0.0
934,9.072828325685318,13.679502752886545,0.0
935,8.19109542182985,12.628251503192406,0.0
936,8.056858998355585,11.72095638213323,0.0
937,8.472175205964822,12.824411572560319,0.0
938,6.5599731714438345,9.76241012422764,0.0
939,7.431050085240419,11.70306295375408,0.0
940,7.941126086899814,12.116190939677,0.0
941,8.359978923352628,12.412226517397668,0.0
942,8.410241588146423,12.378178586911188,0.0
943,7.710031836404318,11.206801990692696,0.0
944,7.630965657266955,11.201908471214784,0.0
945,7.82491989907645,11.146244262353667,0.0
946,8.916951376747543,13.300647815468281,0.0
947,7.650104760560483,11.789670196000646,0.0
948,6.037505939374752,9.355821340440176,0.0
949,7.106007594639854,10.263559256647742,0.0
950,8.165979800762374,12.269657677536497,0.0
951,7.667377123745503,11.409013199995144,0.0
952,9.141777166277432,13.333397711506638,0.0
953,7.56694869176682,11.342212095754281,0.0
954,7.274929875562961,11.228059248697676,0.0
955,8.374706525811732,12.803946083790214,0.0
956,6.981726056724758,10.518431608102551,0.0
957,7.265543923667615,10.879548500694119,0.0
958,8.256091493396287,12.53460855620024,0.0
959,6.202107064288493,9.815776670441451,0.0
960,7.662340726103537,10.927546090717774,0.0
961,7.508791408055846,11.200093874966493,0.0
962,7.531097703395956,11.112159912886076,0.0
963,8.241153051850176,12.844202282367148,0.0
964,6.989226203714,10.978856689422598,0.0
965,9.177340906564801,13.793141803665126,0.0
966,8.921022061669944,13.18722326251344,0.0
967,8.438622314932067,12.278362234835821,0.0
968,8.397446212695012,12.553196456820782,0.0
969,6.67468820092768,10.291671017015982,0.0
970,7.909606155366971,11.645104274573361,0.0
971,9.131332448938416,13.205150937109766,0.0
972,8.657272432724646,12.865451513655103,0.0
973,7.362381561698713,11.263806710971831,0.0
974,8.227172250089762,12.290729866387426,0.0
975,9.0233719437007,13.656421900990852,0.0
976,8.026828147104531,12.254772593349653,0.0
977,8.207733419616737,12.275199204903549,0.0
978,8.395441765996432,12.353874145076883,0.0
979,8.43490116816621,12.087190265814732,0.0
980,8.306985817534395,12.368694897930457,0.0
981,7.6555027514668,11.15610418780423,0.0
982,7.859459127506058,12.50132720182064,0.0
983,8.021774343561713,11.883889243451426,0.0
984,9.122017679751906,13.215825812275957,0.0
985,7.734567345586713,11.450119466418034,0.0
986,7.3070678321010405,11.48849618981986,0.0
987,7.155815221056585,11.033263468165115,0.0
988,8.600337701543001,12.618703925938918,0.0
989,8.694822576308884,13.389651034227018,0.0
990,8.385655854765059,12.53915799540954,0.0
991,8.651941323040784,12.865488292742974,0.0
992,7.6189624144682035,11.42199665731115,0.0
993,8.329346137435355,12.101542103737225,0.0
994,6.943247960891231,10.72298128304443,0.0
995,10.0849079932973,14.82790759858402,0.0
996,6.204236390411824,9.468520237731878,0.0
997,8.56166185890576,13.308243417338431,0.0
998,6.9560102872275955,10.956829986000276,0.0
999,7.296075538906251,11.026739238200067,0.0
1000,8.617439174207142,10.930968617653475,1.0
1001,7.773541606729227,10.12084187776915,1.0
1002,8.493920598789714,10.797798220297803,1.0
1003,7.468244658523714,9.423081296235912,1.0
1004,7.770007174794783,9.946980294590531,1.0
1005,6.926177021347141,8.724411981292056,1.0
1006,7.888423245531362,9.806259276676798,1.0
1007,8.668702735592234,11.414139306756931,1.0
1008,7.776442557344273,9.810240500839777,1.0
1009,8.896753800554125,11.377112036556483,1.0
1010,7.7937101820006625,9.795475425157715,1.0
1011,8.144284263761744,10.020605735939599,1.0
1012,7.827313222362216,9.713084591326252,1.0
1013,7.262567930148608,9.252844509359221,1.0
1014,7.340956057619369,9.412494447794357,1.0
1015,9.086280884610348,11.945121585356102,1.0
1016,7.882261962105789,9.41388119525869,1.0
1017,7.711671273891544,10.10366518915539,1.0
1018,6.906502698132141,8.89796669137619,1.0
1019,8.738529439784442,10.757912752572382,1.0
1020,8.086324195407922,10.108385127207475,1.0
1021,7.151864805266307,8.920899694524177,1.0
1022,7.548891643410468,9.384237527956843,1.0
1023,7.398370973670345,9.230522820846442,1.0
1024,7.479684394415912,9.570010803728989,1.0
1025,8.394842852642864,10.54930206474626,1.0
1026,8.75114018860436,11.082345575568178,1.0
1027,7.4225594402814865,9.844803330143359,1.0
1028,8.269570201344559,10.30449077823642,1.0
1029,9.244845641118653,11.849944679475472,1.0
1030,7.089482603763122,8.897408454454036,1.0
1031,8.538319813957024,11.138945381037086,1.0
1032,8.065068038663068,10.175832396309735,1.0
1033,9.684633426267753,12.273817876736704,1.0
1034,8.357463965147554,10.56572197054047,1.0
1035,8.5631155523236,10.929126314990759,1.0
1036,9.467785442239935,11.908610346616419,1.0
1037,7.594167733269946,9.77687068381973,1.0
1038,7.635621679575966,9.629340591533822,1.0
1039,6.594874921106307,7.8525187206910925,1.0
1040,8.214805084883535,10.197449511580098,1.0
1041,7.126507409145413,9.004049956832214,1.0
1042,8.563708786981072,11.147087164772415,1.0
1043,7.873350391503862,9.985032547357992,1.0
1044,8.254438838471033,10.39680618727126,1.0
1045,8.716010170236498,10.906231944308056,1.0
1046,8.663657710051355,10.73626376865586,1.0
1047,8.13582315565507,10.388328474313598,1.0
1048,8.136441964715985,10.203451843032397,1.0
1049,7.02490791348033,8.95269185457465,1.0
1050,7.2973380915649555,9.052023197813963,1.0
1051,8.101751868522637,10.538604609221165,1.0
1052,8.285031253784995,10.317259231852052,1.0
1053,8.580565396245484,10.72108969732,1.0
1054,7.797881934156708,9.92982287223345,1.0
1055,8.296237260522947,10.337348083350554,1.0
1056,7.651735932072855,9.563182032820425,1.0
1057,7.661065472400024,9.383703986734506,1.0
1058,8.078229664807605,10.402241340447931,1.0
1059,7.818892957711898,9.462924370931209,1.0
1060,8.860751073683467,11.260412443966503,1.0
1061,7.6527322716401045,9.650298748783955,1.0
1062,7.148421918056185,8.964146126671181,1.0
1063,7.845187089174768,9.62646405922295,1.0
1064,7.239053538826539,9.323259004708143,1.0
1065,7.400718377790245,9.368866246970546,1.0
1066,7.6347838783754955,9.926262844170411,1.0
1067,7.6764478209817355,9.822250111809451,1.0
1068,8.177289172476893,10.320129833350908,1.0
1069,8.658523557344648,11.204123806984992,1.0
1070,8.046235918334565,10.476762791222217,1.0
1071,7.692490082952492,9.37335908240669,1.0
1072,9.537028286974493,12.441953202374393,1.0
1073,7.800836840463674,10.292414582997818,1.0
1074,7.015784981562259,8.390347617704718,1.0
1075,8.85749686955844,11.301820171060944,1.0
1076,6.152946477242745,8.056995292272074,1.0
1077,8.52453517336759,10.815583947325223,1.0
1078,7.297429098948704,9.049789729958928,1.0
1079,8.427176995025913,10.704754005829416,1.0
1080,7.408728887527801,9.855431385752658,1.0
1081,7.95697117152848,9.855464950602215,1.0
1082,7.513925601237811,9.484099419570718,1.0
1083,7.994034667173149,10.109384747376813,1.0
1084,8.586476235395848,11.544174792787246,1.0
1085,7.80646359648462,9.665580735870183,1.0
1086,8.12634777197377,9.722593008344399,1.0
1087,7.1802015806855675,8.863847436648927,1.0
1088,6.525428011777129,7.978268375776267,1.0
1089,6.9488751386742535,8.563729865525618,1.0
1090,9.513804786438005,12.117298353224271,1.0
1091,8.168396082421298,10.53080105396165,1.0
1092,8.302188104751547,10.602450647796626,1.0
1093,8.225406671672102,10.394187940403036,1.0
1094,9.532610033277109,12.739500130156763,1.0
1095,7.524698533506124,9.578015461080522,1.0
1096,8.636998025977174,10.506727895490734,1.0
1097,7.519338928202986,9.589124281408061,1.0
1098,6.829066400523281,8.60031856689897,1.0
1099,8.720877901857877,10.681442338844633,1.0
1100,6.305690727268041,7.999456711732613,1.0
1101,8.86674238049595,11.174668816195346,1.0
1102,6.7196983715335445,8.140359081598666,1.0
1103,6.034882900771479,7.340908361590465,1.0
1104,8.166360773825296,10.543634060945184,1.0
1105,7.739661595018278,9.36720549575621,1.0
1106,7.87163677565743,9.740740454433494,1.0
1107,7.789572411329617,9.803720525878562,1.0
1108,8.892732755132613,11.153786340258234,1.0
1109,8.162617736453436,10.494433816219562,1.0
1110,7.105315067849589,8.68411156106179,1.0
1111,6.305378888817764,7.82170725975805,1.0
1112,7.975157732388622,10.529957571926165,1.0
1113,8.992549709335762,11.573657633325945,1.0
1114,7.6646510930693985,9.823218449971332,1.0
1115,7.522322039808211,9.383223486026546,1.0
1116,7.072075714790106,9.003296303835427,1.0
1117,8.075980108559264,10.080567951499404,1.0
1118,8.282930869788515,10.253917108982396,1.0
1119,7.868856571261311,9.44214485154624,1.0
1120,8.863953471635917,11.251006050799555,1.0
1121,7.625369587511708,9.480394480739104,1.0
1122,7.109548289839417,8.90432122357235,1.0
1123,8.001914307100032,10.005034661212521,1.0
1124,8.269102844878333,10.444448631039293,1.0
1125,8.06590969101892,10.429605295731424,1.0
1126,8.830981049775586,11.311263666175392,1.0
1127,7.600678233249502,9.440847001410035,1.0
1128,9.47255269499954,12.506841423140457,1.0
1129,7.327029169769954,8.951615307089154,1.0
1130,7.6303639367657645,9.46616067466677,1.0
1131,8.00065921795004,10.143908940784247,1.0
1132,7.4497131980354965,9.197181051760682,1.0
1133,7.730510662569835,9.872667619480405,1.0
1134,8.359761942763885,10.822570931612399,1.0
1135,8.625637047387645,10.526916345228493,1.0
1136,7.940911400066964,9.41213669232787,1.0
1137,7.312229217107628,9.048618708832894,1.0
1138,8.660625384031581,10.734200603097399,1.0
1139,7.695830499967597,9.988609751597847,1.0
1140,8.236865476737439,10.023650071556984,1.0
1141,7.9987299323287235,9.748160400261602,1.0
1142,7.922685407536987,10.080328698261154,1.0
1143,7.936569310360149,9.998807037689112,1.0
1144,8.263444066662593,10.363577046581154,1.0
1145,8.212047677548187,10.675656790661362,1.0
1146,8.201007224173999,10.098891202629847,1.0
1147,7.7876928192973995,10.284079402717952,1.0
1148,8.18117875993207,10.327329513407236,1.0
1149,6.758096826361665,8.669610564331862,1.0
1150,8.877466790800398,11.10495858752251,1.0
1151,7.684172739151686,9.751146440085408,1.0
1152,8.176856395101723,10.649269514004821,1.0
1153,8.474810288340521,10.687485739123282,1.0
1154,7.709432763406979,8.964206575660471,1.0
1155,7.904109547319101,10.07037975756986,1.0
1156,7.96630043961356,9.921978668547556,1.0
1157,7.523270991227652,9.484171173178556,1.0
1158,9.115541965116412,11.84254704186181,1.0
1159,6.970084992436219,8.512142141658748,1.0
1160,7.790666880097667,10.361354418645348,1.0
1161,7.295515572392571,8.923973062591472,1.0
1162,8.275484717438017,10.194214609876884,1.0
1163,8.456893583706522,10.833355803449487,1.0
1164,7.406779340420307,9.13192494585337,1.0
1165,9.266756371328631,12.310704990838149,1.0
1166,8.130226330333796,10.457251548853678,1.0
1167,7.572044087724927,9.632292197873863,1.0
1168,7.86402880452062,9.712771117640735,1.0
1169,8.363954404212217,10.82837119826892,1.0
1170,7.532487908610073,9.696826495046249,1.0
1171,8.297230111476262,10.778527119006828,1.0
1172,8.085567608381059,10.256463532051603,1.0
1173,8.016292254551324,10.119425510901825,1.0
1174,8.578438591982746,10.869205286541707,1.0
1175,7.182124192763084,8.86099872224257,1.0
1176,8.0833299111102,10.433478481174136,1.0
1177,8.307510825030015,10.478705083062781,1.0
1178,8.41389323776145,10.415664005607438,1.0
1179,7.678684372788422,9.576971322404061,1.0
1180,8.381619729710833,10.467873458109315,1.0
1181,7.651469674021478,9.602935897955495,1.0
1182,7.225652015012152,8.964881604856222,1.0
1183,8.872873382086443,11.057795226188288,1.0
1184,8.028930596214154,10.271713684927196,1.0
1185,8.984717018336747,11.693204799779107,1.0
1186,8.418220822938157,10.849258897235392,1.0
1187,8.7952431533126,11.060483263957826,1.0
1188,7.6630490414299,9.438098931510494,1.0
1189,7.716576902544842,9.172987991734823,1.0
1190,6.4316685866130285,7.8461493505701085,1.0
1191,6.741136841292607,8.634283665104402,1.0
1192,7.412467005110786,9.057378455871346,1.0
1193,7.557099471714041,9.875344192584707,1.0
1194,7.776619676282857,9.461382927736693,1.0
1195,8.26774675502136,10.359309810458782,1.0
1196,8.614797442155194,11.296812916604388,1.0
1197,8.529014853200566,10.9670491664352,1.0
1198,8.176784639639786,10.765348656443393,1.0
1199,8.082118866838892,9.810106687874969,1.0
1200,7.281348864824117,9.056781594794343,1.0
1201,8.619753556900974,11.084202839119298,1.0
1202,9.538857742809961,12.426533642555393,1.0
1203,8.867923993064078,11.604517132548297,1.0
1204,7.707310523795458,9.457775600406784,1.0
1205,8.064930707449468,10.511432781416643,1.0
1206,8.448828242011306,10.814940390343825,1.0
1207,8.876549258632139,11.287721399553423,1.0
1208,8.257073365963222,10.235266106892812,1.0
1209,7.213074456110295,9.300250180830473,1.0
1210,8.312875090950786,10.45232610619189,1.0
1211,7.582368023620668,9.07492762320342,1.0
1212,7.897761029450557,10.062397726812172,1.0
1213,8.717975138081211,10.920739730360673,1.0
1214,8.52662757800592,10.577795414599231,1.0
1215,9.168737474567699,11.64968993128338,1.0
1216,7.942285028840431,10.50230898193102,1.0
1217,7.26311637943485,9.314483525482798,1.0
1218,7.793161363535651,9.793438950658924,1.0
1219,8.328949713268043,10.275432474538306,1.0
1220,7.559847305779503,9.588707713549539,1.0
1221,7.730826039694101,9.496019248638667,1.0
1222,6.8902957948184405,8.95451830123982,1.0
1223,8.170396864368993,10.1820041914785,1.0
1224,8.059659519603475,9.643755218152457,1.0
1225,9.589773712296228,11.807493921468922,1.0
1226,7.755902807470372,10.145160846417529,1.0
1227,7.980314693789239,10.202291694286505,1.0
1228,7.643272809497747,9.572926719929987,1.0
1229,8.244204942720293,10.478606173041788,1.0
1230,7.3391953348724925,9.469262044098718,1.0
1231,8.580160905326228,10.758982406442579,1.0
1232,8.428249882636786,10.39259733846764,1.0
1233,8.995467894866819,11.095190107545383,1.0
1234,8.715972810813089,10.73688176523264,1.0
1235,8.700233893122281,11.360944597024822,1.0
1236,8.741810656704367,11.427660878998664,1.0
1237,7.860172389429778,9.98646625157083,1.0
1238,7.665459415346488,9.746606830882609,1.0
1239,7.096319569778302,8.877539021299116,1.0
1240,7.137608258468258,9.074042198092554,1.0
1241,8.043749168352514,9.827889901886575,1.0
1242,8.38569012912007,10.605426457106235,1.0
1243,8.649777737761294,10.533851316167272,1.0
1244,7.998689499027217,10.235373439181602,1.0
1245,8.334331937357694,10.880679980161268,1.0
1246,8.1903977538858,10.183943883528164,1.0
1247,7.877061277820845,10.055376245942087,1.0
1248,7.932383694131971,10.009769827420822,1.0
1249,7.918064557795272,10.37879279156768,1.0
1250,8.806068255925474,11.196978190467139,1.0
1251,8.149770683063224,10.206123709331441,1.0
1252,7.661454732802822,9.501587501441149,1.0
1253,6.554351120286654,8.43558586651364,1.0
1254,8.408506136145862,10.716163884165917,1.0
1255,8.434703854183581,10.472821750395974,1.0
1256,8.202844567939465,10.27201313000514,1.0
1257,8.159730838995745,10.341983858181342,1.0
1258,8.300401492843225,10.550738460875397,1.0
1259,8.478416882123755,10.539505688662281,1.0
1260,8.205344676795207,9.84044262281672,1.0
1261,7.152687719424306,9.165553740893943,1.0
1262,7.911128766335397,9.629428103879395,1.0
1263,9.107533166309032,11.351362783343518,1.0
1264,9.296308130820451,12.012012274681085,1.0
1265,7.768364418546158,9.738090442706985,1.0
1266,8.10862649654743,10.735379015193974,1.0
1267,7.478760386341548,9.29022604245437,1.0
1268,8.498462522428332,11.120658313598458,1.0
1269,8.782786244612918,11.042057004914053,1.0
1270,7.675717732742192,9.613813932166968,1.0
1271,7.521592753804649,9.368986624214491,1.0
1272,8.52496266955622,10.664974355355605,1.0
1273,8.317773529988985,11.097837059753207,1.0
1274,7.090342957071364,9.014900546246599,1.0
1275,8.375781296145995,10.301636814941672,1.0
1276,8.2128658952896,10.435970592144457,1.0
1277,7.749978117402893,9.935357914019065,1.0
1278,9.255962530891217,11.481823835531332,1.0
1279,8.68998408900788,11.607050996748839,1.0
1280,7.424556051029436,9.003609567681048,1.0
1281,8.61453944101662,11.140538834923113,1.0
1282,7.208375920266741,9.01411156671822,1.0
1283,8.791037770201909,11.131147458759278,1.0
1284,7.244592671151498,9.086727382756525,1.0
1285,8.497134026172164,10.635716591531457,1.0
1286,6.288937381121318,7.879562563568074,1.0
1287,6.966100741705042,8.984672766401728,1.0
1288,8.346067582435616,10.679784434409529,1.0
1289,8.551371933338475,10.925826285354324,1.0
1290,7.737140355609503,9.465347905725524,1.0
1291,7.448826320382886,9.448419248687165,1.0
1292,8.547634874233108,10.608293514521197,1.0
1293,7.013377804253976,8.947955814148344,1.0
1294,7.577383387343893,9.986971953421197,1.0
1295,7.520601509434206,9.406178060226983,1.0
1296,7.9601305126268596,10.093260538909218,1.0
1297,8.554769289802431,10.823901666653448,1.0
1298,6.96065844702058,8.509584670707822,1.0
1299,6.912064804779451,8.883028580179705,1.0
1300,8.679843949000237,10.99275714950354,1.0
1301,7.396076841241823,8.879824183886353,1.0
1302,7.609577243720245,9.349828936336046,1.0
1303,8.27421716957023,10.332775817850708,1.0
1304,7.7584121640321015,9.649822098467244,1.0
1305,6.168237418574513,7.301357852505359,1.0
1306,8.39823401725699,10.36999622737977,1.0
1307,7.218554500001126,9.127789101446101,1.0
1308,7.664780336560389,9.53958702031123,1.0
1309,8.254190611482276,10.473461979410033,1.0
1310,8.091307768976742,10.702486569802609,1.0
1311,6.96379169916771,9.044757600889268,1.0
1312,8.789567393916727,10.568059356241559,1.0
1313,7.580118058109542,9.059678929610358,1.0
1314,8.504774762202132,10.69512379540392,1.0
1315,8.988247594143303,11.301237529629635,1.0
1316,8.270485192996746,10.45700204853039,1.0
1317,9.480557421901441,11.969053270476925,1.0
1318,7.4459561135813725,9.46225864112299,1.0
1319,5.337936088285813,6.596961318844754,1.0
1320,7.965335912350282,10.172868173305426,1.0
1321,8.852396841196873,11.770048461822583,1.0
1322,7.93862159363427,9.666809636389075,1.0
1323,7.703041556863551,10.088251300973187,1.0
1324,7.174362179927078,9.022107879739684,1.0
1325,7.587725116504497,9.779043750033958,1.0
1326,8.622499694791236,11.501900611828168,1.0
1327,7.753887048539455,9.981896531011591,1.0
1328,8.335549954814828,10.213043897977503,1.0
1329,8.879076212021868,10.785129197605295,1.0
1330,7.905262909607826,10.430708713212988,1.0
1331,7.926513924988803,10.281063919057624,1.0
1332,7.491026542345784,9.53888680722731,1.0
1333,7.040885420943971,8.355040666996056,1.0
1334,7.7733136441569854,9.826814892013466,1.0
1335,7.331761351031517,9.329401960234232,1.0
1336,8.718222239943842,11.464685749285229,1.0
1337,6.98202624462302,8.706908128947095,1.0
1338,6.35050136092389,7.953834580643662,1.0
1339,8.553745830162715,10.963499609291079,1.0
1340,7.53118304873578,9.770747202780232,1.0
1341,8.452619996003953,10.730310341606778,1.0
1342,8.722431187743567,11.221519498459473,1.0
1343,7.334697184166366,9.271696860975146,1.0
1344,8.55674883985063,11.697279350052058,1.0
1345,7.536031575712786,9.44138945691278,1.0
1346,7.397360345416617,9.17340914538136,1.0
1347,8.129319335060668,9.958223866289535,1.0
1348,8.517498125439852,10.53163051982517,1.0
1349,9.1468548476558,11.396889604124445,1.0
1350,6.711811564220432,8.844586286677314,1.0
1351,8.054077785042656,10.153175764338956,1.0
1352,7.539123829732586,9.34309421018257,1.0
1353,8.762442520478457,11.04314335010702,1.0
1354,7.327368641251198,9.065104807432196,1.0
1355,8.221135129189157,11.036384196381713,1.0
1356,7.909390637287893,9.716407027091797,1.0
1357,7.811734029601064,9.759350978174009,1.0
1358,7.530432049731774,9.918495091547006,1.0
1359,8.00267404489492,9.77235879218773,1.0
1360,6.767114383690552,8.575962817486257,1.0
1361,8.214251494317518,10.204809709124175,1.0
1362,7.893243289297837,10.10460677335509,1.0
1363,8.407286734192686,10.771805049717765,1.0
1364,8.424511558689156,9.855343412909553,1.0
1365,7.880922143298783,9.786495222813231,1.0
1366,7.608940872125737,9.229997802998357,1.0
1367,8.953896324440134,11.487951817636356,1.0
1368,7.145598997988273,8.919183231859256,1.0
1369,8.749661660413961,10.826022192654264,1.0
1370,8.989265486174286,11.04718955846507,1.0
1371,8.254874043211963,10.057718676497455,1.0
1372,8.184097089059158,10.372220036149876,1.0
1373,9.521003692933729,12.045418576801662,1.0
1374,9.597221165039917,12.3577517316211,1.0
1375,7.655301659872158,9.183228502962177,1.0
1376,8.213490894307697,10.044111842039953,1.0
1377,7.969403627131628,10.313091619115236,1.0
1378,7.809889941456571,9.687757603916145,1.0
1379,8.865613829090062,11.347571588091888,1.0
1380,8.659130207321043,10.908635597071626,1.0
1381,7.588604286233036,9.69434116712863,1.0
1382,7.771790796845076,10.254539398888923,1.0
1383,6.626762783354949,7.993342291106615,1.0
1384,8.685745350013073,11.03715121129909,1.0
1385,8.220524969888976,10.118952957291166,1.0
1386,8.256874480776693,10.517416183594975,1.0
1387,8.224492242532978,10.361413509695875,1.0
1388,8.29021268417512,10.112941356687488,1.0
1389,7.465245593717547,9.366460718136235,1.0
1390,8.000703314991213,9.87244272808915,1.0
1391,8.066465959559112,9.822118379319132,1.0
1392,8.459594268106812,11.02368010807101,1.0
1393,8.053495149650585,10.358101391753241,1.0
1394,7.493509402772993,9.260722148260328,1.0
1395,7.648738373933384,9.577834245738725,1.0
1396,7.135647550147221,9.05000884510902,1.0
1397,8.321728166101458,10.39794337734574,1.0
1398,8.001428122746283,10.236698051151203,1.0
1399,8.510886718128123,10.658071231037113,1.0
1400,7.044117954487858,8.45115045424077,1.0
1401,7.274929752702622,8.970216795680416,1.0
1402,8.638713997173934,10.212445377990651,1.0
1403,8.076493087411569,10.26755004429021,1.0
1404,8.085735622717221,10.18639078511853,1.0
1405,8.638023428193128,10.929311807396493,1.0
1406,7.840219986498783,9.572577313348864,1.0
1407,8.693404351680828,11.169447920887686,1.0
1408,7.393704988546576,9.066395631673242,1.0
1409,7.774933812782926,9.859729327038256,1.0
1410,8.11194598971955,10.296960097497529,1.0
1411,8.30301440687986,10.289579809979655,1.0
1412,7.486229641651072,9.378134814087812,1.0
1413,7.650887949233716,9.53709801658095,1.0
1414,8.440611277706497,10.658645225980399,1.0
1415,8.221460355005135,9.753753221803654,1.0
1416,8.593749117227746,10.959648331355849,1.0
1417,7.332004411481587,9.336497231572096,1.0
1418,8.560846915754327,10.594987553038553,1.0
1419,6.803908748130483,8.750519605232721,1.0
1420,7.1603007479322915,9.21544335649043,1.0
1421,7.465204986432538,9.556794116957622,1.0
1422,7.45602826827566,8.988570929161053,1.0
1423,7.902988019097236,9.808186612460323,1.0
1424,8.214998731901822,10.318547483916912,1.0
1425,8.544925931841421,10.879451882545627,1.0
1426,8.118295709703572,10.449079379230694,1.0
1427,7.867199012579766,9.727342714376654,1.0
1428,7.5277965758908945,9.106550766531091,1.0
1429,7.652590628030175,9.930572560078184,1.0
1430,7.855953891631305,10.061856356635758,1.0
1431,8.468029097393659,10.625477142358248,1.0
1432,7.597371857872052,9.292751649435054,1.0
1433,8.592815320799211,10.580034475460112,1.0
1434,9.28989673686929,11.879262888710505,1.0
1435,7.039281178098893,8.22078239322326,1.0
1436,8.909193423821018,11.538325077559662,1.0
1437,8.681633986801442,11.373743345744456,1.0
1438,8.361680155588454,10.77311036652306,1.0
1439,8.35568857200135,10.632171704040733,1.0
1440,8.419175583027277,10.52418687938409,1.0
1441,8.33164409492062,9.822869087037624,1.0
1442,6.413682594701033,7.372957696337355,1.0
1443,8.069541623059449,9.89370554299887,1.0
1444,8.820486319999734,11.72248093397659,1.0
1445,7.638754531079386,9.582487810803892,1.0
1446,7.7646684018749195,9.72520208852268,1.0
1447,8.620166814576963,11.017048475394635,1.0
1448,6.960881931760256,9.011436882318208,1.0
1449,8.490700258146516,10.467817011655226,1.0
1450,7.751825387954716,10.157974476206963,1.0
1451,6.948291419678079,9.002008328443914,1.0
1452,8.264531886624018,10.33540901660952,1.0
1453,7.701607560992157,9.255307459267451,1.0
1454,8.244991781421167,10.31228134578175,1.0
1455,6.792021115221213,8.562611208488756,1.0
1456,8.032333918028538,10.125709134251188,1.0
1457,8.737653031327769,11.03096149246093,1.0
1458,7.964392976355981,9.581132235126855,1.0
1459,9.044361071806934,11.461946125447417,1.0
1460,7.619800023482362,9.500745443661295,1.0
1461,6.913479473234219,8.28725635648159,1.0
1462,8.141592073566922,10.368669244490786,1.0
1463,8.785549046384885,11.308520296429517,1.0
1464,7.097722711037113,8.682966752527948,1.0
1465,9.276095867531941,12.149360353790762,1.0
1466,7.600591470084055,9.40060567414598,1.0
1467,7.394090765767566,9.028691763483625,1.0
1468,7.545405363260882,9.377014325064255,1.0
1469,8.313582956853798,10.491577123719855,1.0
1470,6.892505880069034,8.504512987613872,1.0
1471,6.965004258498628,9.10855459752771,1.0
1472,7.406712059987647,9.251596952646082,1.0
1473,7.363575954996232,9.37783120464226,1.0
1474,8.49380241039794,10.787491610524441,1.0
1475,7.632472802284306,9.732308306697407,1.0
1476,7.270117790001482,9.34105579254285,1.0
1477,8.080992600598476,9.934213068928985,1.0
1478,8.645260290426142,11.376607454198243,1.0
1479,7.612990001074541,9.356343310937742,1.0
1480,8.235454197471553,10.48232397555396,1.0
1481,8.685935012670988,11.230830771504744,1.0
1482,8.149526704502874,10.337843681398567,1.0
1483,7.09777519248098,9.30141492008745,1.0
1484,9.216343019975083,11.903170479589093,1.0
1485,7.195910047042468,9.18203995989199,1.0
1486,8.74046603264015,11.447407016612079,1.0
1487,7.732486666552137,9.65801482802394,1.0
1488,7.0643182721140665,8.83681333245076,1.0
1489,6.9994740187762785,8.419024406775826,1.0
1490,7.76059223468751,9.973332884631194,1.0
1491,9.241852775152674,11.65700205965555,1.0
1492,8.181229516901984,10.365204214824061,1.0
1493,8.032667364490843,9.723069363224752,1.0
1494,7.142477453272823,8.988238873246118,1.0
1495,8.541251240055203,10.418853435888062,1.0
1496,7.944083112609725,10.333951047975228,1.0
1497,8.82246673832898,11.226216622800527,1.0
1498,7.7779748823087385,9.836450107185616,1.0
1499,8.788110423512693,11.291109908823241,1.0
1500,8.014397798319001,9.88863580790407,1.0
1501,8.092354675452343,10.232332093017071,1.0
1502,8.00711536196457,10.208340666817728,1.0
1503,8.40650179760235,10.76624695565633,1.0
1504,6.598319178741624,8.157101016043061,1.0
1505,7.242282144585643,8.534575101773852,1.0
1506,7.797339769871913,10.000318227104763,1.0
1507,8.025588413784753,9.75013968546296,1.0
1508,7.90485356587046,9.653346377098849,1.0
1509,7.8994401244271835,9.7046953365826,1.0
1510,7.2470367621777,9.058736338116473,1.0
1511,8.078248461960797,9.969040731360348,1.0
1512,9.376669374475036,12.21548825274029,1.0
1513,8.518110509387096,11.195355416471434,1.0
1514,6.979409698762842,8.933322563331263,1.0
1515,6.785042788399799,8.689934213060008,1.0
1516,7.419297786669791,9.260591534534525,1.0
1517,8.758562580786023,11.112132702063892,1.0
1518,8.515026461989777,10.31699494834857,1.0
1519,7.517221270780253,9.667082172122042,1.0
1520,6.802405865143607,8.184867421334275,1.0
1521,7.683287039797468,9.590486108848708,1.0
1522,7.895716524762118,9.7741250496861,1.0
1523,7.809175000694356,10.022455732332581,1.0
1524,8.597827009641094,10.854949569704475,1.0
1525,8.559686861199692,10.635942267413496,1.0
1526,7.551125099690223,9.173422372611682,1.0
1527,7.650090373527796,9.718582470283735,1.0
1528,8.84998832610654,11.203160110970225,1.0
1529,6.663275438877166,8.118849521488027,1.0
1530,8.277234869484293,10.56291128140942,1.0
1531,9.063138333005337,11.64786544222716,1.0
1532,8.526990057154936,10.770219744745786,1.0
1533,8.38837161151766,10.134272793840674,1.0
1534,7.607843324091103,9.747614452122434,1.0
1535,7.4900303571326665,9.046901928362301,1.0
1536,6.92956575056523,8.59236050426259,1.0
1537,8.357069960689541,10.658912081239187,1.0
1538,7.2257639264595825,8.771264980555232,1.0
1539,7.19464237983168,9.200904446998264,1.0
1540,6.828848623349249,8.347980874474214,1.0
1541,7.699535381296849,9.69427220187574,1.0
1542,8.011043375419625,9.867125702788675,1.0
1543,8.105063482806091,10.704043588840635,1.0
1544,8.152730655553485,9.72563414878844,1.0
1545,8.425414007470883,10.600906946077545,1.0
1546,8.567360769307616,11.211675343021604,1.0
1547,8.521802321247526,10.789055872201816,1.0
1548,7.57642695609092,9.47276129560293,1.0
1549,5.888456107838895,7.351111222516906,1.0
1550,7.394311564780342,9.439260645390881,1.0
1551,9.19238937073867,12.012821775705412,1.0
1552,8.292585452684227,11.000070293341514,1.0
1553,8.712300692434617,10.997883529607755,1.0
1554,8.82613320065235,11.067764167991939,1.0
1555,7.838402076641748,10.014429254661499,1.0
1556,7.966613153622785,10.160246226547235,1.0
1557,9.155175448461211,11.817907878842664,1.0
1558,7.479465357867028,9.777154147915407,1.0
1559,8.932439236796144,11.311185261109244,1.0
1560,8.001751164427663,9.730530512117685,1.0
1561,7.932531429000642,10.024817588467368,1.0
1562,8.463974136864106,10.490166958676909,1.0
1563,7.8455255188031465,9.399377932628868,1.0
1564,8.265386583845252,10.534726812230216,1.0
1565,8.642481755468914,10.77202879800066,1.0
1566,8.00078773189959,10.172033109401674,1.0
1567,7.443391904835358,9.083585506844422,1.0
1568,6.699366064092543,8.368070368154866,1.0
1569,8.931172562415153,11.835566643059849,1.0
1570,8.460484896807596,10.790785279170919,1.0
1571,6.483349918173907,7.53027007004852,1.0
1572,8.515055364968465,10.78696744774591,1.0
1573,8.545997671990355,10.67797446699214,1.0
1574,8.721768250148244,11.432594360284666,1.0
1575,8.151517220912593,10.251596536773949,1.0
1576,7.840326095210119,9.756601027397776,1.0
1577,8.81138932520374,11.260820212585603,1.0
1578,7.277724576716158,9.084641858264545,1.0
1579,7.67382468921164,9.67427456072421,1.0
1580,8.104350125108663,10.135417385142878,1.0
1581,7.650152653570778,9.446112464675839,1.0
1582,6.410247043199601,7.920504360508334,1.0
1583,8.200099564820391,10.172949367952038,1.0
1584,7.601944950027493,9.737132341322198,1.0
1585,8.147190199312766,10.122425694811932,1.0
1586,7.184436469969216,9.704144671940501,1.0
1587,7.979871932565163,10.198004374627047,1.0
1588,8.269149447269461,10.453035347309315,1.0
1589,8.13287484621045,10.353153713323884,1.0
1590,7.660444502946845,9.505944710246045,1.0
1591,7.309337616922468,9.399610747605651,1.0
1592,8.180893031184029,10.207564600430533,1.0
1593,7.8485638486488405,9.494604306806613,1.0
1594,7.882655983772753,9.754128862089303,1.0
1595,7.794880180506231,9.991519686162775,1.0
1596,6.769012735735703,8.360161265815982,1.0
1597,8.93507427072939,11.837406226413217,1.0
1598,6.889447464571371,8.189574434714896,1.0
1599,7.941850924387652,10.042794679773193,1.0
1600,8.355536851974561,10.297223871541933,1.0
1601,7.48289708450039,9.706056342411786,1.0
1602,7.4947036124212385,9.844410073413112,1.0
1603,7.58317270046103,9.751474048102473,1.0
1604,8.445988120552553,10.513440139376428,1.0
1605,7.456044581722873,9.474259281500679,1.0
1606,7.092012099281996,9.250005144248007,1.0
1607,7.383833002104224,8.918466055138047,1.0
1608,8.876203867251668,11.617958692963184,1.0
1609,8.370982146841802,10.713990664425019,1.0
1610,8.056384577759339,10.019574729377899,1.0
1611,8.0343550668067,10.489355539030548,1.0
1612,8.365557607157996,10.596896511315428,1.0
1613,7.413930749182356,9.461120654368827,1.0
1614,8.487516871138151,10.090059752357554,1.0
1615,7.920034161987945,9.83050394443244,1.0
1616,7.7482223061473325,10.153946919087517,1.0
1617,7.528558349918478,9.196965734078976,1.0
1618,9.303042832487632,12.158346193973317,1.0
1619,8.46347060835993,10.866974293820384,1.0
1620,7.89918039058403,9.582653032679818,1.0
1621,8.583906212424068,10.515784408777645,1.0
1622,6.953391721048051,9.344754015205321,1.0
1623,6.420002916622617,7.939584086457019,1.0
1624,8.895219962561566,11.353162272496508,1.0
1625,8.059325471287508,10.171167407599308,1.0
1626,8.662185862839005,11.181049611726833,1.0
1627,6.809997868868697,8.228238828139602,1.0
1628,8.268180222251068,11.064991224859199,1.0
1629,8.491223880814728,10.583902705958074,1.0
1630,9.421278835831167,12.823634102435902,1.0
1631,7.978843976452543,9.467543412548928,1.0
1632,7.22116885249715,8.873117527067679,1.0
1633,7.629864508581258,9.611995556782515,1.0
1634,8.513750552255617,10.858665434382274,1.0
1635,6.850610333800862,8.545248255569444,1.0
1636,7.943505185696788,9.965022215302824,1.0
1637,8.290054756837412,10.676283261855467,1.0
1638,9.10742218872007,11.318464349310675,1.0
1639,7.013708481646773,8.857899874527575,1.0
1640,8.61640336198171,10.8459244522114,1.0
1641,7.404728375971154,9.653191655754569,1.0
1642,7.931165003798988,9.87537285951652,1.0
1643,7.336922392715675,9.338791080247075,1.0
1644,7.324195149562599,9.308478481251537,1.0
1645,8.921142793806121,11.45420409608327,1.0
1646,7.927396090270488,9.916861708760509,1.0
1647,8.450867442530885,11.145904003924262,1.0
1648,8.90696884443645,11.300590127665782,1.0
1649,7.099028928702241,8.852175551650994,1.0
1650,7.787575211059865,9.750512201365217,1.0
1651,7.7784211441998234,9.690981213490966,1.0
1652,9.422634262836889,12.641802763197557,1.0
1653,7.829775598785149,10.102221204163113,1.0
1654,8.16119051040988,10.26592786018634,1.0
1655,7.821719801542254,10.380264318490854,1.0
1656,7.355927176300004,9.245364994857106,1.0
1657,7.556587047852497,9.679652999020226,1.0
1658,8.385841457172804,10.58812108556431,1.0
1659,7.6680678581177055,9.902652076242333,1.0
1660,7.227044433868099,9.267327097350746,1.0
1661,7.529746315554298,9.526350675504892,1.0
1662,7.670603762990094,9.622865076586766,1.0
1663,7.140491172496883,9.107754291265499,1.0
1664,7.414708109437029,9.0540588515989,1.0
1665,9.122256787315745,11.314623274317494,1.0
1666,6.780431343410898,8.547825776392086,1.0
1667,8.492218752730889,10.930325835635701,1.0
1668,9.586402453086503,12.009227953268523,1.0
1669,7.944111561510661,9.976632172698968,1.0
1670,6.854435866144964,8.559430895865496,1.0
1671,8.54502174334803,10.792301324507472,1.0
1672,8.127680422470345,10.270000213669386,1.0
1673,9.01121630995012,11.486571051459707,1.0
1674,8.847446972096837,12.01253910464708,1.0
1675,6.62067331532764,8.323975416436733,1.0
1676,7.914200636579174,10.057450103517688,1.0
1677,7.852054083362873,9.859236245328292,1.0
1678,7.830470107981887,9.218152101892972,1.0
1679,9.025143550921273,11.593108056180645,1.0
1680,7.5796995599355315,9.494146949428096,1.0
1681,9.097969993610434,11.717370977918495,1.0
1682,8.661969574719121,11.035596565195373,1.0
1683,7.846398197405037,10.019262563976218,1.0
1684,8.750082214897793,10.988448792468645,1.0
1685,8.687467197443874,11.159260856469803,1.0
1686,8.027345441426702,10.119040760123681,1.0
1687,8.616815492436059,10.872979747691664,1.0
1688,9.204800851945812,11.703060995721252,1.0
1689,7.509915377195867,9.479346846078956,1.0
1690,7.506834809734265,8.986152125940624,1.0
1691,9.053875577455756,11.444842053767587,1.0
1692,8.55931693743153,10.750273959032796,1.0
1693,7.792724493144798,9.664280132365677,1.0
1694,9.234333394751197,12.182459955562223,1.0
1695,8.457474509660548,10.701168331542167,1.0
1696,8.465574000907907,10.624521173101524,1.0
1697,8.569787405731256,10.78370676100378,1.0
1698,8.442752547014692,10.65759896867322,1.0
1699,6.602081020629316,8.652477439079084,1.0
1700,8.356122985394112,10.956201243393574,1.0
1701,7.221380142551236,9.071490698878344,1.0
1702,8.376003021053162,10.602809449907415,1.0
1703,8.52872168741875,11.196926072234731,1.0
1704,7.934889277688564,9.941171221385527,1.0
1705,8.00333664774124,9.938379526284951,1.0
1706,7.9787515585310675,9.95157928679077,1.0
1707,7.684569986676081,9.431199691154392,1.0
1708,8.071988943167105,10.162174255563835,1.0
1709,7.044904905326007,8.835599541699116,1.0
1710,7.986520557732522,10.351803312506012,1.0
1711,7.880797435105979,9.626005562854472,1.0
1712,8.333557356493046,10.050054053960608,1.0
1713,8.367567449790489,10.52561946466156,1.0
1714,7.877547571102085,10.15666514174544,1.0
1715,7.578783124761789,9.692804005906721,1.0
1716,7.874827985339246,10.381197277603201,1.0
1717,8.517231992614066,10.522062060917387,1.0
1718,8.461968518274364,10.683504452549316,1.0
1719,7.847455566367154,10.198644346832996,1.0
1720,8.849437726259742,11.166748990886866,1.0
1721,8.290812468908575,10.124557448197162,1.0
1722,6.604634229065132,8.114513738862337,1.0
1723,7.698427434677492,9.979317627264972,1.0
1724,7.346500936554985,9.260650861042517,1.0
1725,8.954533925036948,11.822646782392566,1.0
1726,7.962144096250198,9.858652203860865,1.0
1727,7.48507493762974,9.181823228284657,1.0
1728,7.958949604114251,9.890396154792024,1.0
1729,6.813686638770124,8.675403191421454,1.0
1730,7.787073587501195,9.977801292379173,1.0
1731,8.322851741969325,10.733249458458474,1.0
1732,8.892545484377601,11.235778327403388,1.0
1733,8.342132337453162,10.308199503084513,1.0
1734,7.686085960536898,9.564256225205236,1.0
1735,8.956273092202812,11.8386968966065,1.0
1736,6.693724420204269,8.550312960779673,1.0
1737,8.329719346406362,10.698794410127055,1.0
1738,9.108435654754224,11.41475608116613,1.0
1739,7.506733321669054,9.627972724453246,1.0
1740,7.5033342546723185,9.544050185753406,1.0
1741,8.189483305911601,10.316153160984678,1.0
1742,7.430245849877949,9.449860859432063,1.0
1743,6.729528318633977,8.22558145013198,1.0
1744,7.496726500252574,9.45710541521196,1.0
1745,7.041673249995398,8.148832039058068,1.0
1746,7.5912044700955725,9.639447313398941,1.0
1747,6.966393495959992,8.72436967293617,1.0
1748,6.959190871133037,8.294485375264221,1.0
1749,8.217465479683161,10.356961608202825,1.0
1750,7.771054423552841,9.925449442404178,1.0
1751,8.495165590927474,10.33611013028333,1.0
1752,7.180399473368172,8.765245787398495,1.0
1753,7.588672392236166,9.440633468384117,1.0
1754,7.128459684082767,8.959963506999841,1.0
1755,7.834725899729632,9.474865818644002,1.0
1756,7.314168761015438,8.99349218674769,1.0
1757,8.789355899521402,10.729363892517506,1.0
1758,8.289382251838916,10.691378101080172,1.0
1759,7.6620263937136635,9.358468258076336,1.0
1760,7.401799455537129,9.707532186345889,1.0
1761,7.84807617446384,10.104470740726589,1.0
1762,7.689341159316001,10.032725560584575,1.0
1763,9.494386470422324,12.29621180923953,1.0
1764,8.563773509299326,10.77605775803015,1.0
1765,7.534462897501244,9.795667983943831,1.0
1766,7.360220943777554,9.059889739591116,1.0
1767,7.60348588722966,9.900514867816609,1.0
1768,8.558445970669153,10.631136018315733,1.0
1769,7.217419995444544,9.425088584459644,1.0
1770,7.734588443066505,10.06738133321541,1.0
1771,8.137843233979398,10.488042179716727,1.0
1772,7.9015490673444795,9.833099248447954,1.0
1773,7.632256466660774,9.455226896774962,1.0
1774,6.04959182279191,7.729362213676385,1.0
1775,9.53013304760708,12.273047591648712,1.0
1776,8.091284558832815,10.370254434722419,1.0
1777,7.871785705352724,9.70337489383522,1.0
1778,8.040583741827664,9.971238190754955,1.0
1779,8.006166488645539,9.932074033653908,1.0
1780,7.614588557216186,9.786936187141917,1.0
1781,8.190748990262822,10.122794594805933,1.0
1782,7.5160916986490545,9.307544606957844,1.0
1783,8.546854391697224,10.926771343307767,1.0
1784,8.29138685922616,10.280151475893033,1.0
1785,8.622271222845878,10.719431767379971,1.0
1786,9.049310777897091,11.874398869159453,1.0
1787,8.147756033222715,10.266371821137096,1.0
1788,9.490691246825136,11.867695573008199,1.0
1789,7.7278634214191015,10.127936805556432,1.0
1790,7.890329362935097,10.203600603798062,1.0
1791,7.773171407621966,10.035249910627297,1.0
1792,8.246104319643074,10.547314591733551,1.0
1793,6.894517498983094,8.977374270385699,1.0
1794,8.278832238357221,10.567413093749671,1.0
1795,6.7129188256054615,8.573477215669172,1.0
1796,9.133867011333173,11.769777629343949,1.0
1797,8.271684811650927,10.637203332370849,1.0
1798,7.161660001199409,9.080803193441037,1.0
1799,8.60309384930401,10.212523917261292,1.0
1800,8.558391514939865,11.381904371494606,1.0
1801,8.00681931800915,10.52905803600724,1.0
1802,8.218779728036429,10.326768255429903,1.0
1803,6.871466668722568,8.807876361110079,1.0
1804,8.73374156209685,11.035407684317711,1.0
1805,7.628187762504755,9.891137839180338,1.0
1806,7.782998416829006,9.47365766272715,1.0
1807,8.431949054293275,10.965361722333133,1.0
1808,8.64042894931064,11.524229909799645,1.0
1809,7.859090239944531,9.493505861192121,1.0
1810,7.557557175062254,9.414982715816915,1.0
1811,9.166530146345593,11.399960163583962,1.0
1812,7.637861406421532,9.734619989561734,1.0
1813,9.750418265097816,12.77947105713456,1.0
1814,8.106251561440098,10.47964149066147,1.0
1815,7.832824938010676,10.133666691255716,1.0
1816,7.70686322801047,9.27448926096258,1.0
1817,7.813925080870362,9.89171401893601,1.0
1818,7.2630607012622885,8.774735175210083,1.0
1819,8.345973237908483,10.249148905001947,1.0
1820,8.656200427255435,10.767262517662095,1.0
1821,8.666540023147023,11.257028856212356,1.0
1822,8.447527073234493,10.873237109549143,1.0
1823,8.669602528846907,11.475228138711024,1.0
1824,8.437638988154468,10.837758733236166,1.0
1825,8.47680583770879,10.932095623327786,1.0
1826,8.333382852949446,10.749237915196222,1.0
1827,8.8343204771918,11.24467957563027,1.0
1828,8.68693951193047,10.956336119944218,1.0
1829,7.802261292314805,10.065054471760867,1.0
1830,7.32722033991239,9.197382954869381,1.0
1831,7.417623002783981,9.03653168303901,1.0
1832,8.682402603675675,10.957831536218817,1.0
1833,8.731794571867566,11.203854502157471,1.0
1834,8.645586336634787,10.519251043394254,1.0
1835,6.0403719917870164,7.661702964640973,1.0
1836,8.706029409785753,11.112320287123898,1.0
1837,9.028164934762836,11.330112205415338,1.0
1838,7.568939904182919,9.838438816357188,1.0
1839,7.444309485043851,9.143553507598947,1.0
1840,7.870675766105644,10.755639138724023,1.0
1841,8.39062488091135,10.228963534459648,1.0
1842,7.588543366700642,9.762048775193415,1.0
1843,5.754249069791587,7.4210814789623285,1.0
1844,7.382267530998488,9.067096958831659,1.0
1845,8.56728356542978,11.059603679573453,1.0
1846,7.912289359673007,10.016505470252655,1.0
1847,6.837076179623821,8.585296425607982,1.0
1848,7.391835242639513,8.890410452763017,1.0
1849,7.332273657422,8.664047794050315,1.0
1850,7.655693443125838,9.27341050734074,1.0
1851,7.834912202931757,9.38242525810831,1.0
1852,8.708963031061188,10.839309963549953,1.0
1853,7.809317044928685,9.844594376516481,1.0
1854,8.037544317553031,9.961751835427041,1.0
1855,8.058236531963026,10.074432084936664,1.0
1856,9.177190715647829,11.064852382053393,1.0
1857,8.87404793249091,10.90410389227072,1.0
1858,8.908703691640675,11.309169600523326,1.0
1859,7.137431803215081,9.118953912620109,1.0
1860,7.429030893757373,9.637679539541939,1.0
1861,7.71346201325289,9.82044860654982,1.0
1862,8.150065451076243,10.159782512004197,1.0
1863,9.086050135329188,11.265400697270634,1.0
1864,8.293002461015966,10.783260678366698,1.0
1865,8.611494377584096,10.776109122889242,1.0
1866,7.127038988888943,9.129553531913272,1.0
1867,8.315569252099069,10.725297334985624,1.0
1868,7.682768926550902,9.259962210346675,1.0
1869,7.6403313313760375,9.256357646698172,1.0
1870,8.460921417233367,10.870999276566735,1.0
1871,8.9511507504065,11.604302300062018,1.0
1872,9.442142300304809,12.109766333416715,1.0
1873,8.298590533457203,10.359215088605273,1.0
1874,8.123017345077521,9.97736102009913,1.0
1875,7.494186811730779,9.350114575736981,1.0
1876,8.054097447658496,10.58535109183461,1.0
1877,8.109630596346314,10.365929195779714,1.0
1878,7.4121494956670375,9.573025965023831,1.0
1879,7.9946225293065245,10.259196221038618,1.0
1880,8.398463500510788,10.553352130181171,1.0
1881,8.842259161914024,11.049997519613326,1.0
1882,8.481813046696692,10.500363109707274,1.0
1883,7.112639319857718,9.128459924264403,1.0
1884,6.627707757192532,7.860102197731608,1.0
1885,8.551062200534242,10.838074318687386,1.0
1886,7.794572735368165,9.887359079088485,1.0
1887,8.20664119893758,10.477418633010467,1.0
1888,7.992900133601849,10.395627143374357,1.0
1889,8.00038590135263,10.545652705525757,1.0
1890,8.483022290629137,10.978659562121244,1.0
1891,7.6236898205989085,9.527482399657016,1.0
1892,8.75590869829276,11.338744651769536,1.0
1893,7.286616196773316,8.967917610467214,1.0
1894,9.215190484563296,11.694533049789008,1.0
1895,7.7874688329976225,9.716449050362192,1.0
1896,6.661159216609774,8.333542854367133,1.0
1897,7.433214640494294,9.602656451527844,1.0
1898,8.141910426801488,10.525444084960204,1.0
1899,8.748986482341758,11.562840572536775,1.0
1900,8.107995865063472,10.110555347349678,1.0
1901,7.833449561677565,9.932860595927167,1.0
1902,8.223874451401814,10.646432312175119,1.0
1903,8.30072195581937,10.678191273473164,1.0
1904,8.136248072771194,10.55320519372934,1.0
1905,7.847806831442465,9.845850507518076,1.0
1906,7.5233312657891585,9.872168594720392,1.0
1907,8.278878649898875,10.5298340918288,1.0
1908,8.203668209133406,10.224752667848428,1.0
1909,8.914014345314676,11.187338490844143,1.0
1910,8.516862676372549,10.954605362646346,1.0
1911,9.089623703605199,11.4087597899281,1.0
1912,9.614896711349253,11.926415924178034,1.0
1913,7.3625929748355645,9.2750617148883,1.0
1914,8.578815052387462,10.760307761898193,1.0
1915,7.439925801073068,9.488352642282223,1.0
1916,6.89522887478701,8.468516988165327,1.0
1917,8.693763933998067,11.21505961418502,1.0
1918,8.013307846151237,9.860062905046698,1.0
1919,8.752964942383354,11.219737674311382,1.0
1920,8.492925824200833,10.63381539424495,1.0
1921,7.9365810680365385,9.64690500038516,1.0
1922,7.3124182847570225,9.34982879485461,1.0
1923,8.612762554078618,10.988157867783983,1.0
1924,7.953729810258455,10.019053513429139,1.0
1925,8.761926325465678,11.02991387956778,1.0
1926,7.7543264617376195,9.647448218625719,1.0
1927,8.073227536309211,10.042565614055366,1.0
1928,9.037946326199997,11.791420251186736,1.0
1929,8.166111270049186,10.076616561175252,1.0
1930,8.69301393639788,10.841819158494008,1.0
1931,7.357757375526077,8.926764984720176,1.0
1932,8.470320946321888,10.401042502715944,1.0
1933,7.233948195047412,9.186778516512248,1.0
1934,7.264067737985872,8.852551832620579,1.0
1935,6.545848355426137,7.899048872383181,1.0
1936,8.409153232543881,10.722429283708216,1.0
1937,7.626618439381689,9.455496989822842,1.0
1938,8.75793650280296,11.244563848936302,1.0
1939,7.0407020406333265,8.79944858750938,1.0
1940,7.059361400391966,8.549089086903173,1.0
1941,8.11199449755883,10.446196549671628,1.0
1942,8.865576455772706,11.220607408788867,1.0
1943,7.405092016713737,9.226380603059075,1.0
1944,8.767218139564704,11.060174618997182,1.0
1945,7.262216084098636,9.239806268379615,1.0
1946,7.720094338824667,9.446250501636396,1.0
1947,8.25031198541557,10.522161219286003,1.0
1948,9.336606076976013,12.05062852792499,1.0
1949,7.850020542828588,10.13097456113103,1.0
1950,7.318785481583171,9.529225389395947,1.0
1951,8.57832700408061,10.95764928755245,1.0
1952,8.040183061580155,10.014467872991027,1.0
1953,7.307833431582205,9.129854353349709,1.0
1954,8.136743380859512,9.981500433457166,1.0
1955,7.33727121501649,8.8985994705959,1.0
1956,7.230224329045006,8.921419594239758,1.0
1957,7.420702614157721,9.36188952951137,1.0
1958,7.139236418787052,8.746366150243386,1.0
1959,8.817297684422956,11.337151318417096,1.0
1960,7.620350543501331,9.595530610343612,1.0
1961,7.35909180778377,9.14987814150126,1.0
1962,7.307993390028299,9.23552123320423,1.0
1963,8.394017775561226,10.408947623476235,1.0
1964,7.216106984860865,8.805043159405058,1.0
1965,8.374829632014903,10.369648562519231,1.0
1966,8.00521335246552,10.283529680475654,1.0
1967,9.399630053397189,11.850935154659442,1.0
1968,8.230409356827716,9.725271764463159,1.0
1969,7.694737080951967,9.695565853840101,1.0
1970,7.2617300147603085,8.601412352980667,1.0
1971,7.176871322036983,8.818587949417232,1.0
1972,7.82400711162599,9.906516150754856,1.0
1973,9.316028407004016,12.074291190928353,1.0
1974,7.763356856446224,9.45156573948015,1.0
1975,8.524117217767213,11.232386150545205,1.0
1976,7.892324952681214,10.132731821042814,1.0
1977,8.637830111061394,10.694265539492495,1.0
1978,7.524903983787757,9.793005897340674,1.0
1979,8.210262298584324,10.490459979078981,1.0
1980,8.221265978918924,10.451306680693254,1.0
1981,7.734379450298654,9.915560841670919,1.0
1982,9.026457483416614,11.841297525615987,1.0
1983,8.925231821886946,11.38680843486908,1.0
1984,8.53489847577875,10.45867215338675,1.0
1985,6.325698159297276,7.331463924320225,1.0
1986,6.969579478806629,8.76731538487147,1.0
1987,8.1278147534185,10.239006946074957,1.0
1988,7.8228990470390904,10.220695569222936,1.0
1989,8.111554749631006,10.27061275834647,1.0
1990,7.689295782049813,9.841589289719721,1.0
1991,7.728988617929776,9.670438760204465,1.0
1992,9.130278340038933,11.713162093332773,1.0
1993,8.094755162071493,10.385652444547933,1.0
1994,8.257331681190932,10.838564042108526,1.0
1995,8.580453128048006,11.36836662881074,1.0
1996,6.815483789360712,8.230756590706,1.0
1997,7.183151765839181,9.04353930379305,1.0
1998,7.928610619137296,10.05859259443757,1.0
1999,9.009941668874909,11.374088563443326,1.0
